,p_uf,p_pu,p_up,p_fl,p_lu,g,ratio,N,size,Run,followers,leaders,pheromone,unassigned
86,0.560426548,0.486656242,0.523613688,0.544587569,0.08,0.274353174,0.0,100,11.4958368,0,0,0,100,0
126,0.560426548,0.486656242,0.523613688,0.544587569,0.08,0.274353174,0.0,100,11.4958368,1,0,0,100,0
8,0.560426548,0.486656242,0.523613688,0.544587569,0.08,0.274353174,0.0,100,11.4958368,2,0,0,100,0
44,0.560426548,0.486656242,0.523613688,0.544587569,0.08,0.274353174,0.0,100,11.4958368,3,0,0,100,0
239,0.560426548,0.486656242,0.523613688,0.544587569,0.08,0.274353174,0.0,100,11.4958368,4,0,0,100,0
282,0.560426548,0.486656242,0.523613688,0.544587569,0.08,0.274353174,0.0,100,11.4958368,5,0,0,100,0
165,0.560426548,0.486656242,0.523613688,0.544587569,0.08,0.274353174,0.0,100,11.4958368,6,0,0,100,0
204,0.560426548,0.486656242,0.523613688,0.544587569,0.08,0.274353174,0.0,100,11.4958368,7,0,0,100,0
305,0.560426548,0.486656242,0.523613688,0.544587569,0.08,0.274353174,0.0,100,11.4958368,8,0,0,100,0
340,0.560426548,0.486656242,0.523613688,0.544587569,0.08,0.274353174,0.0,100,11.4958368,9,0,0,100,0
56,0.560426548,0.486656242,0.523613688,0.544587569,0.08,0.274353174,0.02040816326530612,100,11.4958368,10,0,0,100,0
98,0.560426548,0.486656242,0.523613688,0.544587569,0.08,0.274353174,0.02040816326530612,100,11.4958368,11,0,0,100,0
358,0.560426548,0.486656242,0.523613688,0.544587569,0.08,0.274353174,0.02040816326530612,100,11.4958368,12,0,0,100,0
327,0.560426548,0.486656242,0.523613688,0.544587569,0.08,0.274353174,0.02040816326530612,100,11.4958368,13,0,0,100,0
212,0.560426548,0.486656242,0.523613688,0.544587569,0.08,0.274353174,0.02040816326530612,100,11.4958368,14,47,28,0,25
250,0.560426548,0.486656242,0.523613688,0.544587569,0.08,0.274353174,0.02040816326530612,100,11.4958368,15,0,0,100,0
264,0.560426548,0.486656242,0.523613688,0.544587569,0.08,0.274353174,0.02040816326530612,100,11.4958368,16,32,15,0,53
302,0.560426548,0.486656242,0.523613688,0.544587569,0.08,0.274353174,0.02040816326530612,100,11.4958368,17,0,0,100,0
186,0.560426548,0.486656242,0.523613688,0.544587569,0.08,0.274353174,0.02040816326530612,100,11.4958368,18,0,0,100,0
225,0.560426548,0.486656242,0.523613688,0.544587569,0.08,0.274353174,0.02040816326530612,100,11.4958368,19,0,0,100,0
75,0.560426548,0.486656242,0.523613688,0.544587569,0.08,0.274353174,0.04081632653061224,100,11.4958368,20,0,0,100,0
114,0.560426548,0.486656242,0.523613688,0.544587569,0.08,0.274353174,0.04081632653061224,100,11.4958368,21,0,0,100,0
498,0.560426548,0.486656242,0.523613688,0.544587569,0.08,0.274353174,0.04081632653061224,100,11.4958368,22,36,31,0,33
35,0.560426548,0.486656242,0.523613688,0.544587569,0.08,0.274353174,0.04081632653061224,100,11.4958368,23,33,32,0,35
140,0.560426548,0.486656242,0.523613688,0.544587569,0.08,0.274353174,0.04081632653061224,100,11.4958368,24,33,17,0,50
179,0.560426548,0.486656242,0.523613688,0.544587569,0.08,0.274353174,0.04081632653061224,100,11.4958368,25,47,37,0,16
61,0.560426548,0.486656242,0.523613688,0.544587569,0.08,0.274353174,0.04081632653061224,100,11.4958368,26,0,0,100,0
101,0.560426548,0.486656242,0.523613688,0.544587569,0.08,0.274353174,0.04081632653061224,100,11.4958368,27,0,0,100,0
293,0.560426548,0.486656242,0.523613688,0.544587569,0.08,0.274353174,0.04081632653061224,100,11.4958368,28,38,26,0,36
329,0.560426548,0.486656242,0.523613688,0.544587569,0.08,0.274353174,0.04081632653061224,100,11.4958368,29,43,23,0,34
77,0.560426548,0.486656242,0.523613688,0.544587569,0.08,0.274353174,0.061224489795918366,100,11.4958368,30,27,23,0,50
116,0.560426548,0.486656242,0.523613688,0.544587569,0.08,0.274353174,0.061224489795918366,100,11.4958368,31,0,0,100,0
218,0.560426548,0.486656242,0.523613688,0.544587569,0.08,0.274353174,0.061224489795918366,100,11.4958368,32,0,0,100,0
257,0.560426548,0.486656242,0.523613688,0.544587569,0.08,0.274353174,0.061224489795918366,100,11.4958368,33,41,28,0,31
142,0.560426548,0.486656242,0.523613688,0.544587569,0.08,0.274353174,0.061224489795918366,100,11.4958368,34,0,0,100,0
15,0.560426548,0.486656242,0.523613688,0.544587569,0.08,0.274353174,0.061224489795918366,100,11.4958368,35,35,26,0,39
367,0.560426548,0.486656242,0.523613688,0.544587569,0.08,0.274353174,0.061224489795918366,100,11.4958368,36,34,28,0,38
403,0.560426548,0.486656242,0.523613688,0.544587569,0.08,0.274353174,0.061224489795918366,100,11.4958368,37,0,0,100,0
294,0.560426548,0.486656242,0.523613688,0.544587569,0.08,0.274353174,0.061224489795918366,100,11.4958368,38,0,0,100,0
330,0.560426548,0.486656242,0.523613688,0.544587569,0.08,0.274353174,0.061224489795918366,100,11.4958368,39,40,34,0,26
397,0.560426548,0.486656242,0.523613688,0.544587569,0.08,0.274353174,0.08163265306122448,100,11.4958368,40,36,42,0,22
430,0.560426548,0.486656242,0.523613688,0.544587569,0.08,0.274353174,0.08163265306122448,100,11.4958368,41,37,26,0,37
325,0.560426548,0.486656242,0.523613688,0.544587569,0.08,0.274353174,0.08163265306122448,100,11.4958368,42,26,33,0,41
364,0.560426548,0.486656242,0.523613688,0.544587569,0.08,0.274353174,0.08163265306122448,100,11.4958368,43,41,25,0,34
31,0.560426548,0.486656242,0.523613688,0.544587569,0.08,0.274353174,0.08163265306122448,100,11.4958368,44,38,19,0,43
70,0.560426548,0.486656242,0.523613688,0.544587569,0.08,0.274353174,0.08163265306122448,100,11.4958368,45,0,0,0,100
462,0.560426548,0.486656242,0.523613688,0.544587569,0.08,0.274353174,0.08163265306122448,100,11.4958368,46,41,30,0,29
496,0.560426548,0.486656242,0.523613688,0.544587569,0.08,0.274353174,0.08163265306122448,100,11.4958368,47,31,16,0,53
95,0.560426548,0.486656242,0.523613688,0.544587569,0.08,0.274353174,0.08163265306122448,100,11.4958368,48,38,14,0,48
135,0.560426548,0.486656242,0.523613688,0.544587569,0.08,0.274353174,0.08163265306122448,100,11.4958368,49,46,21,0,33
246,0.560426548,0.486656242,0.523613688,0.544587569,0.08,0.274353174,0.1020408163265306,100,11.4958368,50,43,29,0,28
286,0.560426548,0.486656242,0.523613688,0.544587569,0.08,0.274353174,0.1020408163265306,100,11.4958368,51,0,0,0,100
461,0.560426548,0.486656242,0.523613688,0.544587569,0.08,0.274353174,0.1020408163265306,100,11.4958368,52,41,24,0,35
495,0.560426548,0.486656242,0.523613688,0.544587569,0.08,0.274353174,0.1020408163265306,100,11.4958368,53,0,0,100,0
395,0.560426548,0.486656242,0.523613688,0.544587569,0.08,0.274353174,0.1020408163265306,100,11.4958368,54,37,27,0,36
429,0.560426548,0.486656242,0.523613688,0.544587569,0.08,0.274353174,0.1020408163265306,100,11.4958368,55,43,19,0,38
18,0.560426548,0.486656242,0.523613688,0.544587569,0.08,0.274353174,0.1020408163265306,100,11.4958368,56,0,0,100,0
53,0.560426548,0.486656242,0.523613688,0.544587569,0.08,0.274353174,0.1020408163265306,100,11.4958368,57,0,0,100,0
449,0.560426548,0.486656242,0.523613688,0.544587569,0.08,0.274353174,0.1020408163265306,100,11.4958368,58,42,19,0,39
482,0.560426548,0.486656242,0.523613688,0.544587569,0.08,0.274353174,0.1020408163265306,100,11.4958368,59,26,14,0,60
121,0.560426548,0.486656242,0.523613688,0.544587569,0.08,0.274353174,0.12244897959183673,100,11.4958368,60,31,21,0,48
415,0.560426548,0.486656242,0.523613688,0.544587569,0.08,0.274353174,0.12244897959183673,100,11.4958368,61,40,36,0,24
41,0.560426548,0.486656242,0.523613688,0.544587569,0.08,0.274353174,0.12244897959183673,100,11.4958368,62,36,24,0,40
82,0.560426548,0.486656242,0.523613688,0.544587569,0.08,0.274353174,0.12244897959183673,100,11.4958368,63,32,24,0,44
21,0.560426548,0.486656242,0.523613688,0.544587569,0.08,0.274353174,0.12244897959183673,100,11.4958368,64,37,27,0,36
57,0.560426548,0.486656242,0.523613688,0.544587569,0.08,0.274353174,0.12244897959183673,100,11.4958368,65,39,19,0,42
453,0.560426548,0.486656242,0.523613688,0.544587569,0.08,0.274353174,0.12244897959183673,100,11.4958368,66,41,21,0,38
400,0.560426548,0.486656242,0.523613688,0.544587569,0.08,0.274353174,0.12244897959183673,100,11.4958368,67,0,0,100,0
175,0.560426548,0.486656242,0.523613688,0.544587569,0.08,0.274353174,0.12244897959183673,100,11.4958368,68,34,21,0,45
217,0.560426548,0.486656242,0.523613688,0.544587569,0.08,0.274353174,0.12244897959183673,100,11.4958368,69,49,17,0,34
389,0.560426548,0.486656242,0.523613688,0.544587569,0.08,0.274353174,0.14285714285714285,100,11.4958368,70,28,24,0,48
423,0.560426548,0.486656242,0.523613688,0.544587569,0.08,0.274353174,0.14285714285714285,100,11.4958368,71,46,34,0,20
6,0.560426548,0.486656242,0.523613688,0.544587569,0.08,0.274353174,0.14285714285714285,100,11.4958368,72,23,25,0,52
43,0.560426548,0.486656242,0.523613688,0.544587569,0.08,0.274353174,0.14285714285714285,100,11.4958368,73,52,28,0,20
444,0.560426548,0.486656242,0.523613688,0.544587569,0.08,0.274353174,0.14285714285714285,100,11.4958368,74,18,12,0,70
473,0.560426548,0.486656242,0.523613688,0.544587569,0.08,0.274353174,0.14285714285714285,100,11.4958368,75,0,0,0,100
163,0.560426548,0.486656242,0.523613688,0.544587569,0.08,0.274353174,0.14285714285714285,100,11.4958368,76,35,30,0,35
202,0.560426548,0.486656242,0.523613688,0.544587569,0.08,0.274353174,0.14285714285714285,100,11.4958368,77,42,27,0,31
85,0.560426548,0.486656242,0.523613688,0.544587569,0.08,0.274353174,0.14285714285714285,100,11.4958368,78,31,27,0,42
124,0.560426548,0.486656242,0.523613688,0.544587569,0.08,0.274353174,0.14285714285714285,100,11.4958368,79,36,11,0,53
384,0.560426548,0.486656242,0.523613688,0.544587569,0.08,0.274353174,0.16326530612244897,100,11.4958368,80,28,15,0,57
419,0.560426548,0.486656242,0.523613688,0.544587569,0.08,0.274353174,0.16326530612244897,100,11.4958368,81,31,30,0,39
315,0.560426548,0.486656242,0.523613688,0.544587569,0.08,0.274353174,0.16326530612244897,100,11.4958368,82,35,25,0,40
351,0.560426548,0.486656242,0.523613688,0.544587569,0.08,0.274353174,0.16326530612244897,100,11.4958368,83,44,23,0,33
19,0.560426548,0.486656242,0.523613688,0.544587569,0.08,0.274353174,0.16326530612244897,100,11.4958368,84,43,34,0,23
54,0.560426548,0.486656242,0.523613688,0.544587569,0.08,0.274353174,0.16326530612244897,100,11.4958368,85,28,33,0,39
451,0.560426548,0.486656242,0.523613688,0.544587569,0.08,0.274353174,0.16326530612244897,100,11.4958368,86,50,25,0,25
483,0.560426548,0.486656242,0.523613688,0.544587569,0.08,0.274353174,0.16326530612244897,100,11.4958368,87,37,30,0,33
81,0.560426548,0.486656242,0.523613688,0.544587569,0.08,0.274353174,0.16326530612244897,100,11.4958368,88,29,29,0,42
120,0.560426548,0.486656242,0.523613688,0.544587569,0.08,0.274353174,0.16326530612244897,100,11.4958368,89,0,0,100,0
301,0.560426548,0.486656242,0.523613688,0.544587569,0.08,0.274353174,0.18367346938775508,100,11.4958368,90,32,36,0,32
337,0.560426548,0.486656242,0.523613688,0.544587569,0.08,0.274353174,0.18367346938775508,100,11.4958368,91,30,20,0,50
5,0.560426548,0.486656242,0.523613688,0.544587569,0.08,0.274353174,0.18367346938775508,100,11.4958368,92,0,0,100,0
42,0.560426548,0.486656242,0.523613688,0.544587569,0.08,0.274353174,0.18367346938775508,100,11.4958368,93,34,29,0,37
443,0.560426548,0.486656242,0.523613688,0.544587569,0.08,0.274353174,0.18367346938775508,100,11.4958368,94,41,28,0,31
472,0.560426548,0.486656242,0.523613688,0.544587569,0.08,0.274353174,0.18367346938775508,100,11.4958368,95,31,33,0,36
422,0.560426548,0.486656242,0.523613688,0.544587569,0.08,0.274353174,0.18367346938775508,100,11.4958368,96,29,21,0,50
454,0.560426548,0.486656242,0.523613688,0.544587569,0.08,0.274353174,0.18367346938775508,100,11.4958368,97,33,34,0,33
354,0.560426548,0.486656242,0.523613688,0.544587569,0.08,0.274353174,0.18367346938775508,100,11.4958368,98,49,24,0,27
388,0.560426548,0.486656242,0.523613688,0.544587569,0.08,0.274353174,0.18367346938775508,100,11.4958368,99,40,18,0,42
467,0.560426548,0.486656242,0.523613688,0.544587569,0.08,0.274353174,0.2040816326530612,100,11.4958368,100,34,33,0,33
499,0.560426548,0.486656242,0.523613688,0.544587569,0.08,0.274353174,0.2040816326530612,100,11.4958368,101,25,16,0,59
402,0.560426548,0.486656242,0.523613688,0.544587569,0.08,0.274353174,0.2040816326530612,100,11.4958368,102,38,23,0,39
437,0.560426548,0.486656242,0.523613688,0.544587569,0.08,0.274353174,0.2040816326530612,100,11.4958368,103,23,34,0,43
25,0.560426548,0.486656242,0.523613688,0.544587569,0.08,0.274353174,0.2040816326530612,100,11.4958368,104,36,23,0,41
62,0.560426548,0.486656242,0.523613688,0.544587569,0.08,0.274353174,0.2040816326530612,100,11.4958368,105,8,23,0,69
457,0.560426548,0.486656242,0.523613688,0.544587569,0.08,0.274353174,0.2040816326530612,100,11.4958368,106,39,17,0,44
490,0.560426548,0.486656242,0.523613688,0.544587569,0.08,0.274353174,0.2040816326530612,100,11.4958368,107,21,23,0,56
180,0.560426548,0.486656242,0.523613688,0.544587569,0.08,0.274353174,0.2040816326530612,100,11.4958368,108,31,22,0,47
241,0.560426548,0.486656242,0.523613688,0.544587569,0.08,0.274353174,0.2040816326530612,100,11.4958368,109,34,19,0,47
392,0.560426548,0.486656242,0.523613688,0.544587569,0.08,0.274353174,0.22448979591836732,100,11.4958368,110,46,27,0,27
425,0.560426548,0.486656242,0.523613688,0.544587569,0.08,0.274353174,0.22448979591836732,100,11.4958368,111,44,19,0,37
12,0.560426548,0.486656242,0.523613688,0.544587569,0.08,0.274353174,0.22448979591836732,100,11.4958368,112,35,33,0,32
48,0.560426548,0.486656242,0.523613688,0.544587569,0.08,0.274353174,0.22448979591836732,100,11.4958368,113,33,35,0,32
448,0.560426548,0.486656242,0.523613688,0.544587569,0.08,0.274353174,0.22448979591836732,100,11.4958368,114,42,30,0,28
478,0.560426548,0.486656242,0.523613688,0.544587569,0.08,0.274353174,0.22448979591836732,100,11.4958368,115,37,33,0,30
169,0.560426548,0.486656242,0.523613688,0.544587569,0.08,0.274353174,0.22448979591836732,100,11.4958368,116,43,25,0,32
206,0.560426548,0.486656242,0.523613688,0.544587569,0.08,0.274353174,0.22448979591836732,100,11.4958368,117,30,14,0,56
90,0.560426548,0.486656242,0.523613688,0.544587569,0.08,0.274353174,0.22448979591836732,100,11.4958368,118,45,43,0,12
130,0.560426548,0.486656242,0.523613688,0.544587569,0.08,0.274353174,0.22448979591836732,100,11.4958368,119,38,22,0,40
471,0.560426548,0.486656242,0.523613688,0.544587569,0.08,0.274353174,0.24489795918367346,100,11.4958368,120,39,23,0,38
4,0.560426548,0.486656242,0.523613688,0.544587569,0.08,0.274353174,0.24489795918367346,100,11.4958368,121,34,35,0,31
410,0.560426548,0.486656242,0.523613688,0.544587569,0.08,0.274353174,0.24489795918367346,100,11.4958368,122,38,18,0,44
442,0.560426548,0.486656242,0.523613688,0.544587569,0.08,0.274353174,0.24489795918367346,100,11.4958368,123,37,26,0,37
192,0.560426548,0.486656242,0.523613688,0.544587569,0.08,0.274353174,0.24489795918367346,100,11.4958368,124,41,32,0,27
159,0.560426548,0.486656242,0.523613688,0.544587569,0.08,0.274353174,0.24489795918367346,100,11.4958368,125,37,16,0,47
256,0.560426548,0.486656242,0.523613688,0.544587569,0.08,0.274353174,0.24489795918367346,100,11.4958368,126,34,21,0,45
466,0.560426548,0.486656242,0.523613688,0.544587569,0.08,0.274353174,0.24489795918367346,100,11.4958368,127,32,35,0,33
348,0.560426548,0.486656242,0.523613688,0.544587569,0.08,0.274353174,0.24489795918367346,100,11.4958368,128,0,0,0,100
213,0.560426548,0.486656242,0.523613688,0.544587569,0.08,0.274353174,0.24489795918367346,100,11.4958368,129,41,29,0,30
334,0.560426548,0.486656242,0.523613688,0.544587569,0.08,0.274353174,0.26530612244897955,100,11.4958368,130,32,13,0,55
370,0.560426548,0.486656242,0.523613688,0.544587569,0.08,0.274353174,0.26530612244897955,100,11.4958368,131,32,22,0,46
39,0.560426548,0.486656242,0.523613688,0.544587569,0.08,0.274353174,0.26530612244897955,100,11.4958368,132,44,21,0,35
80,0.560426548,0.486656242,0.523613688,0.544587569,0.08,0.274353174,0.26530612244897955,100,11.4958368,133,38,35,0,27
469,0.560426548,0.486656242,0.523613688,0.544587569,0.08,0.274353174,0.26530612244897955,100,11.4958368,134,40,24,0,36
2,0.560426548,0.486656242,0.523613688,0.544587569,0.08,0.274353174,0.26530612244897955,100,11.4958368,135,40,16,0,44
107,0.560426548,0.486656242,0.523613688,0.544587569,0.08,0.274353174,0.26530612244897955,100,11.4958368,136,33,26,0,41
147,0.560426548,0.486656242,0.523613688,0.544587569,0.08,0.274353174,0.26530612244897955,100,11.4958368,137,37,31,0,32
30,0.560426548,0.486656242,0.523613688,0.544587569,0.08,0.274353174,0.26530612244897955,100,11.4958368,138,46,17,0,37
69,0.560426548,0.486656242,0.523613688,0.544587569,0.08,0.274353174,0.26530612244897955,100,11.4958368,139,33,33,0,34
497,0.560426548,0.486656242,0.523613688,0.544587569,0.08,0.274353174,0.2857142857142857,100,11.4958368,140,42,24,0,34
34,0.560426548,0.486656242,0.523613688,0.544587569,0.08,0.274353174,0.2857142857142857,100,11.4958368,141,27,29,0,44
435,0.560426548,0.486656242,0.523613688,0.544587569,0.08,0.274353174,0.2857142857142857,100,11.4958368,142,35,25,0,40
465,0.560426548,0.486656242,0.523613688,0.544587569,0.08,0.274353174,0.2857142857142857,100,11.4958368,143,39,25,0,36
60,0.560426548,0.486656242,0.523613688,0.544587569,0.08,0.274353174,0.2857142857142857,100,11.4958368,144,27,28,0,45
100,0.560426548,0.486656242,0.523613688,0.544587569,0.08,0.274353174,0.2857142857142857,100,11.4958368,145,38,33,0,29
488,0.560426548,0.486656242,0.523613688,0.544587569,0.08,0.274353174,0.2857142857142857,100,11.4958368,146,32,25,0,43
24,0.560426548,0.486656242,0.523613688,0.544587569,0.08,0.274353174,0.2857142857142857,100,11.4958368,147,41,20,0,39
215,0.560426548,0.486656242,0.523613688,0.544587569,0.08,0.274353174,0.2857142857142857,100,11.4958368,148,45,34,0,21
254,0.560426548,0.486656242,0.523613688,0.544587569,0.08,0.274353174,0.2857142857142857,100,11.4958368,149,48,24,0,28
167,0.560426548,0.486656242,0.523613688,0.544587569,0.08,0.274353174,0.3061224489795918,100,11.4958368,150,24,12,0,64
391,0.560426548,0.486656242,0.523613688,0.544587569,0.08,0.274353174,0.3061224489795918,100,11.4958368,151,50,21,0,29
343,0.560426548,0.486656242,0.523613688,0.544587569,0.08,0.274353174,0.3061224489795918,100,11.4958368,152,19,22,0,59
378,0.560426548,0.486656242,0.523613688,0.544587569,0.08,0.274353174,0.3061224489795918,100,11.4958368,153,22,25,0,53
270,0.560426548,0.486656242,0.523613688,0.544587569,0.08,0.274353174,0.3061224489795918,100,11.4958368,154,38,20,0,42
308,0.560426548,0.486656242,0.523613688,0.544587569,0.08,0.274353174,0.3061224489795918,100,11.4958368,155,34,23,0,43
477,0.560426548,0.486656242,0.523613688,0.544587569,0.08,0.274353174,0.3061224489795918,100,11.4958368,156,37,25,0,38
11,0.560426548,0.486656242,0.523613688,0.544587569,0.08,0.274353174,0.3061224489795918,100,11.4958368,157,43,33,0,24
414,0.560426548,0.486656242,0.523613688,0.544587569,0.08,0.274353174,0.3061224489795918,100,11.4958368,158,45,38,0,17
447,0.560426548,0.486656242,0.523613688,0.544587569,0.08,0.274353174,0.3061224489795918,100,11.4958368,159,42,41,0,17
281,0.560426548,0.486656242,0.523613688,0.544587569,0.08,0.274353174,0.32653061224489793,100,11.4958368,160,46,24,0,30
174,0.560426548,0.486656242,0.523613688,0.544587569,0.08,0.274353174,0.32653061224489793,100,11.4958368,161,32,23,0,45
339,0.560426548,0.486656242,0.523613688,0.544587569,0.08,0.274353174,0.32653061224489793,100,11.4958368,162,36,17,0,47
181,0.560426548,0.486656242,0.523613688,0.544587569,0.08,0.274353174,0.32653061224489793,100,11.4958368,163,26,16,0,58
288,0.560426548,0.486656242,0.523613688,0.544587569,0.08,0.274353174,0.32653061224489793,100,11.4958368,164,39,19,0,42
375,0.560426548,0.486656242,0.523613688,0.544587569,0.08,0.274353174,0.32653061224489793,100,11.4958368,165,0,0,100,0
199,0.560426548,0.486656242,0.523613688,0.544587569,0.08,0.274353174,0.32653061224489793,100,11.4958368,166,42,25,0,33
434,0.560426548,0.486656242,0.523613688,0.544587569,0.08,0.274353174,0.32653061224489793,100,11.4958368,167,31,26,0,43
352,0.560426548,0.486656242,0.523613688,0.544587569,0.08,0.274353174,0.32653061224489793,100,11.4958368,168,50,27,0,23
386,0.560426548,0.486656242,0.523613688,0.544587569,0.08,0.274353174,0.32653061224489793,100,11.4958368,169,35,38,0,27
14,0.560426548,0.486656242,0.523613688,0.544587569,0.08,0.274353174,0.3469387755102041,100,11.4958368,170,37,23,0,40
50,0.560426548,0.486656242,0.523613688,0.544587569,0.08,0.274353174,0.3469387755102041,100,11.4958368,171,43,26,0,31
244,0.560426548,0.486656242,0.523613688,0.544587569,0.08,0.274353174,0.3469387755102041,100,11.4958368,172,39,31,0,30
285,0.560426548,0.486656242,0.523613688,0.544587569,0.08,0.274353174,0.3469387755102041,100,11.4958368,173,39,31,0,30
170,0.560426548,0.486656242,0.523613688,0.544587569,0.08,0.274353174,0.3469387755102041,100,11.4958368,174,45,25,0,30
208,0.560426548,0.486656242,0.523613688,0.544587569,0.08,0.274353174,0.3469387755102041,100,11.4958368,175,38,26,0,36
310,0.560426548,0.486656242,0.523613688,0.544587569,0.08,0.274353174,0.3469387755102041,100,11.4958368,176,31,37,0,32
345,0.560426548,0.486656242,0.523613688,0.544587569,0.08,0.274353174,0.3469387755102041,100,11.4958368,177,40,14,0,46
231,0.560426548,0.486656242,0.523613688,0.544587569,0.08,0.274353174,0.3469387755102041,100,11.4958368,178,44,23,0,33
272,0.560426548,0.486656242,0.523613688,0.544587569,0.08,0.274353174,0.3469387755102041,100,11.4958368,179,42,20,0,38
0,0.560426548,0.486656242,0.523613688,0.544587569,0.08,0.274353174,0.36734693877551017,100,11.4958368,180,39,19,0,42
38,0.560426548,0.486656242,0.523613688,0.544587569,0.08,0.274353174,0.36734693877551017,100,11.4958368,181,37,22,0,41
439,0.560426548,0.486656242,0.523613688,0.544587569,0.08,0.274353174,0.36734693877551017,100,11.4958368,182,45,30,0,25
468,0.560426548,0.486656242,0.523613688,0.544587569,0.08,0.274353174,0.36734693877551017,100,11.4958368,183,48,28,0,24
65,0.560426548,0.486656242,0.523613688,0.544587569,0.08,0.274353174,0.36734693877551017,100,11.4958368,184,44,21,0,35
104,0.560426548,0.486656242,0.523613688,0.544587569,0.08,0.274353174,0.36734693877551017,100,11.4958368,185,25,25,0,50
494,0.560426548,0.486656242,0.523613688,0.544587569,0.08,0.274353174,0.36734693877551017,100,11.4958368,186,26,17,0,57
29,0.560426548,0.486656242,0.523613688,0.544587569,0.08,0.274353174,0.36734693877551017,100,11.4958368,187,30,24,0,46
221,0.560426548,0.486656242,0.523613688,0.544587569,0.08,0.274353174,0.36734693877551017,100,11.4958368,188,34,23,0,43
259,0.560426548,0.486656242,0.523613688,0.544587569,0.08,0.274353174,0.36734693877551017,100,11.4958368,189,37,34,0,29
398,0.560426548,0.486656242,0.523613688,0.544587569,0.08,0.274353174,0.3877551020408163,100,11.4958368,190,32,19,0,49
433,0.560426548,0.486656242,0.523613688,0.544587569,0.08,0.274353174,0.3877551020408163,100,11.4958368,191,38,22,0,40
185,0.560426548,0.486656242,0.523613688,0.544587569,0.08,0.274353174,0.3877551020408163,100,11.4958368,192,17,9,0,74
224,0.560426548,0.486656242,0.523613688,0.544587569,0.08,0.274353174,0.3877551020408163,100,11.4958368,193,41,13,0,46
109,0.560426548,0.486656242,0.523613688,0.544587569,0.08,0.274353174,0.3877551020408163,100,11.4958368,194,56,26,0,18
148,0.560426548,0.486656242,0.523613688,0.544587569,0.08,0.274353174,0.3877551020408163,100,11.4958368,195,36,38,0,26
336,0.560426548,0.486656242,0.523613688,0.544587569,0.08,0.274353174,0.3877551020408163,100,11.4958368,196,34,31,0,35
372,0.560426548,0.486656242,0.523613688,0.544587569,0.08,0.274353174,0.3877551020408163,100,11.4958368,197,47,22,0,31
263,0.560426548,0.486656242,0.523613688,0.544587569,0.08,0.274353174,0.3877551020408163,100,11.4958368,198,43,30,0,27
300,0.560426548,0.486656242,0.523613688,0.544587569,0.08,0.274353174,0.3877551020408163,100,11.4958368,199,34,25,0,41
452,0.560426548,0.486656242,0.523613688,0.544587569,0.08,0.274353174,0.4081632653061224,100,11.4958368,200,37,24,0,39
484,0.560426548,0.486656242,0.523613688,0.544587569,0.08,0.274353174,0.4081632653061224,100,11.4958368,201,36,33,0,31
385,0.560426548,0.486656242,0.523613688,0.544587569,0.08,0.274353174,0.4081632653061224,100,11.4958368,202,46,28,0,26
420,0.560426548,0.486656242,0.523613688,0.544587569,0.08,0.274353174,0.4081632653061224,100,11.4958368,203,29,19,0,52
40,0.560426548,0.486656242,0.523613688,0.544587569,0.08,0.274353174,0.4081632653061224,100,11.4958368,204,47,26,0,27
137,0.560426548,0.486656242,0.523613688,0.544587569,0.08,0.274353174,0.4081632653061224,100,11.4958368,205,38,46,0,16
20,0.560426548,0.486656242,0.523613688,0.544587569,0.08,0.274353174,0.4081632653061224,100,11.4958368,206,37,38,0,25
55,0.560426548,0.486656242,0.523613688,0.544587569,0.08,0.274353174,0.4081632653061224,100,11.4958368,207,43,33,0,24
160,0.560426548,0.486656242,0.523613688,0.544587569,0.08,0.274353174,0.4081632653061224,100,11.4958368,208,34,27,0,39
133,0.560426548,0.486656242,0.523613688,0.544587569,0.08,0.274353174,0.4081632653061224,100,11.4958368,209,32,14,0,54
344,0.560426548,0.486656242,0.523613688,0.544587569,0.08,0.274353174,0.42857142857142855,100,11.4958368,210,42,15,0,43
379,0.560426548,0.486656242,0.523613688,0.544587569,0.08,0.274353174,0.42857142857142855,100,11.4958368,211,35,27,0,38
297,0.560426548,0.486656242,0.523613688,0.544587569,0.08,0.274353174,0.42857142857142855,100,11.4958368,212,35,32,0,33
91,0.560426548,0.486656242,0.523613688,0.544587569,0.08,0.274353174,0.42857142857142855,100,11.4958368,213,49,31,0,20
479,0.560426548,0.486656242,0.523613688,0.544587569,0.08,0.274353174,0.42857142857142855,100,11.4958368,214,39,23,0,38
13,0.560426548,0.486656242,0.523613688,0.544587569,0.08,0.274353174,0.42857142857142855,100,11.4958368,215,42,35,0,23
115,0.560426548,0.486656242,0.523613688,0.544587569,0.08,0.274353174,0.42857142857142855,100,11.4958368,216,49,32,0,19
153,0.560426548,0.486656242,0.523613688,0.544587569,0.08,0.274353174,0.42857142857142855,100,11.4958368,217,40,19,0,41
36,0.560426548,0.486656242,0.523613688,0.544587569,0.08,0.274353174,0.42857142857142855,100,11.4958368,218,44,26,0,30
76,0.560426548,0.486656242,0.523613688,0.544587569,0.08,0.274353174,0.42857142857142855,100,11.4958368,219,37,33,0,30
331,0.560426548,0.486656242,0.523613688,0.544587569,0.08,0.274353174,0.44897959183673464,100,11.4958368,220,32,21,0,47
368,0.560426548,0.486656242,0.523613688,0.544587569,0.08,0.274353174,0.44897959183673464,100,11.4958368,221,39,31,0,30
258,0.560426548,0.486656242,0.523613688,0.544587569,0.08,0.274353174,0.44897959183673464,100,11.4958368,222,37,33,0,30
295,0.560426548,0.486656242,0.523613688,0.544587569,0.08,0.274353174,0.44897959183673464,100,11.4958368,223,47,23,0,30
234,0.560426548,0.486656242,0.523613688,0.544587569,0.08,0.274353174,0.44897959183673464,100,11.4958368,224,41,33,0,26
276,0.560426548,0.486656242,0.523613688,0.544587569,0.08,0.274353174,0.44897959183673464,100,11.4958368,225,34,36,0,30
157,0.560426548,0.486656242,0.523613688,0.544587569,0.08,0.274353174,0.44897959183673464,100,11.4958368,226,30,30,0,40
197,0.560426548,0.486656242,0.523613688,0.544587569,0.08,0.274353174,0.44897959183673464,100,11.4958368,227,33,24,0,43
382,0.560426548,0.486656242,0.523613688,0.544587569,0.08,0.274353174,0.44897959183673464,100,11.4958368,228,40,32,0,28
417,0.560426548,0.486656242,0.523613688,0.544587569,0.08,0.274353174,0.44897959183673464,100,11.4958368,229,27,26,0,47
45,0.560426548,0.486656242,0.523613688,0.544587569,0.08,0.274353174,0.4693877551020408,100,11.4958368,230,45,27,0,28
87,0.560426548,0.486656242,0.523613688,0.544587569,0.08,0.274353174,0.4693877551020408,100,11.4958368,231,27,28,0,45
190,0.560426548,0.486656242,0.523613688,0.544587569,0.08,0.274353174,0.4693877551020408,100,11.4958368,232,37,20,0,43
229,0.560426548,0.486656242,0.523613688,0.544587569,0.08,0.274353174,0.4693877551020408,100,11.4958368,233,38,31,0,31
113,0.560426548,0.486656242,0.523613688,0.544587569,0.08,0.274353174,0.4693877551020408,100,11.4958368,234,32,25,0,43
152,0.560426548,0.486656242,0.523613688,0.544587569,0.08,0.274353174,0.4693877551020408,100,11.4958368,235,37,17,0,46
341,0.560426548,0.486656242,0.523613688,0.544587569,0.08,0.274353174,0.4693877551020408,100,11.4958368,236,41,25,0,34
177,0.560426548,0.486656242,0.523613688,0.544587569,0.08,0.274353174,0.4693877551020408,100,11.4958368,237,53,29,0,18
268,0.560426548,0.486656242,0.523613688,0.544587569,0.08,0.274353174,0.4693877551020408,100,11.4958368,238,32,25,0,43
306,0.560426548,0.486656242,0.523613688,0.544587569,0.08,0.274353174,0.4693877551020408,100,11.4958368,239,36,18,0,46
146,0.560426548,0.486656242,0.523613688,0.544587569,0.08,0.274353174,0.4897959183673469,100,11.4958368,240,28,23,0,49
184,0.560426548,0.486656242,0.523613688,0.544587569,0.08,0.274353174,0.4897959183673469,100,11.4958368,241,35,31,0,34
66,0.560426548,0.486656242,0.523613688,0.544587569,0.08,0.274353174,0.4897959183673469,100,11.4958368,242,35,27,0,38
105,0.560426548,0.486656242,0.523613688,0.544587569,0.08,0.274353174,0.4897959183673469,100,11.4958368,243,38,27,0,35
296,0.560426548,0.486656242,0.523613688,0.544587569,0.08,0.274353174,0.4897959183673469,100,11.4958368,244,34,33,0,33
332,0.560426548,0.486656242,0.523613688,0.544587569,0.08,0.274353174,0.4897959183673469,100,11.4958368,245,35,31,0,34
222,0.560426548,0.486656242,0.523613688,0.544587569,0.08,0.274353174,0.4897959183673469,100,11.4958368,246,28,29,0,43
260,0.560426548,0.486656242,0.523613688,0.544587569,0.08,0.274353174,0.4897959183673469,100,11.4958368,247,39,29,0,32
360,0.560426548,0.486656242,0.523613688,0.544587569,0.08,0.274353174,0.4897959183673469,100,11.4958368,248,26,28,0,46
393,0.560426548,0.486656242,0.523613688,0.544587569,0.08,0.274353174,0.4897959183673469,100,11.4958368,249,36,23,0,41
22,0.560426548,0.486656242,0.523613688,0.544587569,0.08,0.274353174,0.5102040816326531,100,11.4958368,250,39,21,0,40
58,0.560426548,0.486656242,0.523613688,0.544587569,0.08,0.274353174,0.5102040816326531,100,11.4958368,251,37,27,0,36
252,0.560426548,0.486656242,0.523613688,0.544587569,0.08,0.274353174,0.5102040816326531,100,11.4958368,252,27,27,0,46
289,0.560426548,0.486656242,0.523613688,0.544587569,0.08,0.274353174,0.5102040816326531,100,11.4958368,253,33,12,0,55
176,0.560426548,0.486656242,0.523613688,0.544587569,0.08,0.274353174,0.5102040816326531,100,11.4958368,254,39,26,0,35
214,0.560426548,0.486656242,0.523613688,0.544587569,0.08,0.274353174,0.5102040816326531,100,11.4958368,255,38,21,0,41
485,0.560426548,0.486656242,0.523613688,0.544587569,0.08,0.274353174,0.5102040816326531,100,11.4958368,256,32,27,0,41
381,0.560426548,0.486656242,0.523613688,0.544587569,0.08,0.274353174,0.5102040816326531,100,11.4958368,257,43,31,0,26
275,0.560426548,0.486656242,0.523613688,0.544587569,0.08,0.274353174,0.5102040816326531,100,11.4958368,258,40,33,0,27
314,0.560426548,0.486656242,0.523613688,0.544587569,0.08,0.274353174,0.5102040816326531,100,11.4958368,259,25,18,0,57
110,0.560426548,0.486656242,0.523613688,0.544587569,0.08,0.274353174,0.5306122448979591,100,11.4958368,260,44,33,0,23
149,0.560426548,0.486656242,0.523613688,0.544587569,0.08,0.274353174,0.5306122448979591,100,11.4958368,261,33,31,0,36
32,0.560426548,0.486656242,0.523613688,0.544587569,0.08,0.274353174,0.5306122448979591,100,11.4958368,262,31,27,0,42
405,0.560426548,0.486656242,0.523613688,0.544587569,0.08,0.274353174,0.5306122448979591,100,11.4958368,263,33,29,0,38
173,0.560426548,0.486656242,0.523613688,0.544587569,0.08,0.274353174,0.5306122448979591,100,11.4958368,264,23,22,0,55
211,0.560426548,0.486656242,0.523613688,0.544587569,0.08,0.274353174,0.5306122448979591,100,11.4958368,265,35,23,0,42
96,0.560426548,0.486656242,0.523613688,0.544587569,0.08,0.274353174,0.5306122448979591,100,11.4958368,266,36,22,0,42
136,0.560426548,0.486656242,0.523613688,0.544587569,0.08,0.274353174,0.5306122448979591,100,11.4958368,267,27,18,0,55
326,0.560426548,0.486656242,0.523613688,0.544587569,0.08,0.274353174,0.5306122448979591,100,11.4958368,268,46,18,0,36
365,0.560426548,0.486656242,0.523613688,0.544587569,0.08,0.274353174,0.5306122448979591,100,11.4958368,269,35,27,0,38
491,0.560426548,0.486656242,0.523613688,0.544587569,0.08,0.274353174,0.5510204081632653,100,11.4958368,270,44,32,0,24
26,0.560426548,0.486656242,0.523613688,0.544587569,0.08,0.274353174,0.5510204081632653,100,11.4958368,271,40,21,0,39
129,0.560426548,0.486656242,0.523613688,0.544587569,0.08,0.274353174,0.5510204081632653,100,11.4958368,272,49,35,0,16
168,0.560426548,0.486656242,0.523613688,0.544587569,0.08,0.274353174,0.5510204081632653,100,11.4958368,273,37,22,0,41
47,0.560426548,0.486656242,0.523613688,0.544587569,0.08,0.274353174,0.5510204081632653,100,11.4958368,274,31,20,0,49
89,0.560426548,0.486656242,0.523613688,0.544587569,0.08,0.274353174,0.5510204081632653,100,11.4958368,275,33,29,0,38
284,0.560426548,0.486656242,0.523613688,0.544587569,0.08,0.274353174,0.5510204081632653,100,11.4958368,276,34,26,0,40
321,0.560426548,0.486656242,0.523613688,0.544587569,0.08,0.274353174,0.5510204081632653,100,11.4958368,277,34,29,0,37
205,0.560426548,0.486656242,0.523613688,0.544587569,0.08,0.274353174,0.5510204081632653,100,11.4958368,278,44,34,0,22
242,0.560426548,0.486656242,0.523613688,0.544587569,0.08,0.274353174,0.5510204081632653,100,11.4958368,279,41,30,0,29
464,0.560426548,0.486656242,0.523613688,0.544587569,0.08,0.274353174,0.5714285714285714,100,11.4958368,280,33,20,0,47
189,0.560426548,0.486656242,0.523613688,0.544587569,0.08,0.274353174,0.5714285714285714,100,11.4958368,281,38,30,0,32
3,0.560426548,0.486656242,0.523613688,0.544587569,0.08,0.274353174,0.5714285714285714,100,11.4958368,282,27,32,0,41
251,0.560426548,0.486656242,0.523613688,0.544587569,0.08,0.274353174,0.5714285714285714,100,11.4958368,283,41,26,0,33
236,0.560426548,0.486656242,0.523613688,0.544587569,0.08,0.274353174,0.5714285714285714,100,11.4958368,284,22,20,0,58
436,0.560426548,0.486656242,0.523613688,0.544587569,0.08,0.274353174,0.5714285714285714,100,11.4958368,285,41,16,0,43
158,0.560426548,0.486656242,0.523613688,0.544587569,0.08,0.274353174,0.5714285714285714,100,11.4958368,286,49,20,0,31
198,0.560426548,0.486656242,0.523613688,0.544587569,0.08,0.274353174,0.5714285714285714,100,11.4958368,287,53,24,0,23
138,0.560426548,0.486656242,0.523613688,0.544587569,0.08,0.274353174,0.5714285714285714,100,11.4958368,288,30,23,0,47
486,0.560426548,0.486656242,0.523613688,0.544587569,0.08,0.274353174,0.5714285714285714,100,11.4958368,289,45,25,0,30
322,0.560426548,0.486656242,0.523613688,0.544587569,0.08,0.274353174,0.5918367346938775,100,11.4958368,290,40,44,0,16
359,0.560426548,0.486656242,0.523613688,0.544587569,0.08,0.274353174,0.5918367346938775,100,11.4958368,291,36,22,0,42
28,0.560426548,0.486656242,0.523613688,0.544587569,0.08,0.274353174,0.5918367346938775,100,11.4958368,292,49,18,0,33
64,0.560426548,0.486656242,0.523613688,0.544587569,0.08,0.274353174,0.5918367346938775,100,11.4958368,293,40,31,0,29
459,0.560426548,0.486656242,0.523613688,0.544587569,0.08,0.274353174,0.5918367346938775,100,11.4958368,294,18,11,0,71
493,0.560426548,0.486656242,0.523613688,0.544587569,0.08,0.274353174,0.5918367346938775,100,11.4958368,295,47,35,0,18
92,0.560426548,0.486656242,0.523613688,0.544587569,0.08,0.274353174,0.5918367346938775,100,11.4958368,296,40,27,0,33
131,0.560426548,0.486656242,0.523613688,0.544587569,0.08,0.274353174,0.5918367346938775,100,11.4958368,297,46,30,0,24
71,0.560426548,0.486656242,0.523613688,0.544587569,0.08,0.274353174,0.5918367346938775,100,11.4958368,298,37,33,0,30
220,0.560426548,0.486656242,0.523613688,0.544587569,0.08,0.274353174,0.5918367346938775,100,11.4958368,299,40,25,0,35
369,0.560426548,0.486656242,0.523613688,0.544587569,0.08,0.274353174,0.6122448979591836,100,11.4958368,300,35,30,0,35
407,0.560426548,0.486656242,0.523613688,0.544587569,0.08,0.274353174,0.6122448979591836,100,11.4958368,301,30,27,0,43
298,0.560426548,0.486656242,0.523613688,0.544587569,0.08,0.274353174,0.6122448979591836,100,11.4958368,302,35,13,0,52
333,0.560426548,0.486656242,0.523613688,0.544587569,0.08,0.274353174,0.6122448979591836,100,11.4958368,303,37,32,0,31
428,0.560426548,0.486656242,0.523613688,0.544587569,0.08,0.274353174,0.6122448979591836,100,11.4958368,304,41,15,0,44
460,0.560426548,0.486656242,0.523613688,0.544587569,0.08,0.274353174,0.6122448979591836,100,11.4958368,305,29,18,0,53
362,0.560426548,0.486656242,0.523613688,0.544587569,0.08,0.274353174,0.6122448979591836,100,11.4958368,306,43,29,0,28
394,0.560426548,0.486656242,0.523613688,0.544587569,0.08,0.274353174,0.6122448979591836,100,11.4958368,307,36,38,0,26
68,0.560426548,0.486656242,0.523613688,0.544587569,0.08,0.274353174,0.6122448979591836,100,11.4958368,308,33,30,0,37
106,0.560426548,0.486656242,0.523613688,0.544587569,0.08,0.274353174,0.6122448979591836,100,11.4958368,309,42,20,0,38
253,0.560426548,0.486656242,0.523613688,0.544587569,0.08,0.274353174,0.6326530612244897,100,11.4958368,310,27,14,0,59
290,0.560426548,0.486656242,0.523613688,0.544587569,0.08,0.274353174,0.6326530612244897,100,11.4958368,311,49,15,0,36
390,0.560426548,0.486656242,0.523613688,0.544587569,0.08,0.274353174,0.6326530612244897,100,11.4958368,312,35,30,0,35
424,0.560426548,0.486656242,0.523613688,0.544587569,0.08,0.274353174,0.6326530612244897,100,11.4958368,313,44,24,0,32
318,0.560426548,0.486656242,0.523613688,0.544587569,0.08,0.274353174,0.6326530612244897,100,11.4958368,314,28,21,0,51
356,0.560426548,0.486656242,0.523613688,0.544587569,0.08,0.274353174,0.6326530612244897,100,11.4958368,315,33,30,0,37
23,0.560426548,0.486656242,0.523613688,0.544587569,0.08,0.274353174,0.6326530612244897,100,11.4958368,316,44,27,0,29
59,0.560426548,0.486656242,0.523613688,0.544587569,0.08,0.274353174,0.6326530612244897,100,11.4958368,317,52,32,0,16
455,0.560426548,0.486656242,0.523613688,0.544587569,0.08,0.274353174,0.6326530612244897,100,11.4958368,318,45,30,0,25
487,0.560426548,0.486656242,0.523613688,0.544587569,0.08,0.274353174,0.6326530612244897,100,11.4958368,319,48,32,0,20
492,0.560426548,0.486656242,0.523613688,0.544587569,0.08,0.274353174,0.6530612244897959,100,11.4958368,320,31,10,0,59
27,0.560426548,0.486656242,0.523613688,0.544587569,0.08,0.274353174,0.6530612244897959,100,11.4958368,321,35,35,0,30
426,0.560426548,0.486656242,0.523613688,0.544587569,0.08,0.274353174,0.6530612244897959,100,11.4958368,322,20,15,0,65
458,0.560426548,0.486656242,0.523613688,0.544587569,0.08,0.274353174,0.6530612244897959,100,11.4958368,323,38,20,0,42
143,0.560426548,0.486656242,0.523613688,0.544587569,0.08,0.274353174,0.6530612244897959,100,11.4958368,324,36,37,0,27
182,0.560426548,0.486656242,0.523613688,0.544587569,0.08,0.274353174,0.6530612244897959,100,11.4958368,325,33,33,0,34
63,0.560426548,0.486656242,0.523613688,0.544587569,0.08,0.274353174,0.6530612244897959,100,11.4958368,326,24,20,0,56
102,0.560426548,0.486656242,0.523613688,0.544587569,0.08,0.274353174,0.6530612244897959,100,11.4958368,327,47,28,0,25
207,0.560426548,0.486656242,0.523613688,0.544587569,0.08,0.274353174,0.6530612244897959,100,11.4958368,328,45,25,0,30
243,0.560426548,0.486656242,0.523613688,0.544587569,0.08,0.274353174,0.6530612244897959,100,11.4958368,329,37,19,0,44
235,0.560426548,0.486656242,0.523613688,0.544587569,0.08,0.274353174,0.673469387755102,100,11.4958368,330,47,24,0,29
450,0.560426548,0.486656242,0.523613688,0.544587569,0.08,0.274353174,0.673469387755102,100,11.4958368,331,30,26,0,44
97,0.560426548,0.486656242,0.523613688,0.544587569,0.08,0.274353174,0.673469387755102,100,11.4958368,332,40,32,0,28
278,0.560426548,0.486656242,0.523613688,0.544587569,0.08,0.274353174,0.673469387755102,100,11.4958368,333,34,13,0,53
108,0.560426548,0.486656242,0.523613688,0.544587569,0.08,0.274353174,0.673469387755102,100,11.4958368,334,37,27,0,36
335,0.560426548,0.486656242,0.523613688,0.544587569,0.08,0.274353174,0.673469387755102,100,11.4958368,335,39,23,0,38
416,0.560426548,0.486656242,0.523613688,0.544587569,0.08,0.274353174,0.673469387755102,100,11.4958368,336,35,14,0,51
200,0.560426548,0.486656242,0.523613688,0.544587569,0.08,0.274353174,0.673469387755102,100,11.4958368,337,33,40,0,27
83,0.560426548,0.486656242,0.523613688,0.544587569,0.08,0.274353174,0.673469387755102,100,11.4958368,338,37,31,0,32
122,0.560426548,0.486656242,0.523613688,0.544587569,0.08,0.274353174,0.673469387755102,100,11.4958368,339,36,24,0,40
49,0.560426548,0.486656242,0.523613688,0.544587569,0.08,0.274353174,0.6938775510204082,100,11.4958368,340,39,36,0,25
1,0.560426548,0.486656242,0.523613688,0.544587569,0.08,0.274353174,0.6938775510204082,100,11.4958368,341,44,34,0,22
361,0.560426548,0.486656242,0.523613688,0.544587569,0.08,0.274353174,0.6938775510204082,100,11.4958368,342,30,25,0,45
67,0.560426548,0.486656242,0.523613688,0.544587569,0.08,0.274353174,0.6938775510204082,100,11.4958368,343,30,17,0,53
154,0.560426548,0.486656242,0.523613688,0.544587569,0.08,0.274353174,0.6938775510204082,100,11.4958368,344,28,19,0,53
380,0.560426548,0.486656242,0.523613688,0.544587569,0.08,0.274353174,0.6938775510204082,100,11.4958368,345,43,19,0,38
219,0.560426548,0.486656242,0.523613688,0.544587569,0.08,0.274353174,0.6938775510204082,100,11.4958368,346,40,23,0,37
438,0.560426548,0.486656242,0.523613688,0.544587569,0.08,0.274353174,0.6938775510204082,100,11.4958368,347,41,25,0,34
271,0.560426548,0.486656242,0.523613688,0.544587569,0.08,0.274353174,0.6938775510204082,100,11.4958368,348,38,24,0,38
309,0.560426548,0.486656242,0.523613688,0.544587569,0.08,0.274353174,0.6938775510204082,100,11.4958368,349,29,33,0,38
323,0.560426548,0.486656242,0.523613688,0.544587569,0.08,0.274353174,0.7142857142857142,100,11.4958368,350,40,27,0,33
119,0.560426548,0.486656242,0.523613688,0.544587569,0.08,0.274353174,0.7142857142857142,100,11.4958368,351,45,32,0,23
299,0.560426548,0.486656242,0.523613688,0.544587569,0.08,0.274353174,0.7142857142857142,100,11.4958368,352,26,38,0,36
432,0.560426548,0.486656242,0.523613688,0.544587569,0.08,0.274353174,0.7142857142857142,100,11.4958368,353,44,21,0,35
223,0.560426548,0.486656242,0.523613688,0.544587569,0.08,0.274353174,0.7142857142857142,100,11.4958368,354,38,21,0,41
262,0.560426548,0.486656242,0.523613688,0.544587569,0.08,0.274353174,0.7142857142857142,100,11.4958368,355,33,34,0,33
441,0.560426548,0.486656242,0.523613688,0.544587569,0.08,0.274353174,0.7142857142857142,100,11.4958368,356,32,29,0,39
470,0.560426548,0.486656242,0.523613688,0.544587569,0.08,0.274353174,0.7142857142857142,100,11.4958368,357,46,25,0,29
371,0.560426548,0.486656242,0.523613688,0.544587569,0.08,0.274353174,0.7142857142857142,100,11.4958368,358,31,32,0,37
409,0.560426548,0.486656242,0.523613688,0.544587569,0.08,0.274353174,0.7142857142857142,100,11.4958368,359,29,27,0,44
255,0.560426548,0.486656242,0.523613688,0.544587569,0.08,0.274353174,0.7346938775510203,100,11.4958368,360,31,24,0,45
292,0.560426548,0.486656242,0.523613688,0.544587569,0.08,0.274353174,0.7346938775510203,100,11.4958368,361,40,33,0,27
178,0.560426548,0.486656242,0.523613688,0.544587569,0.08,0.274353174,0.7346938775510203,100,11.4958368,362,36,28,0,36
216,0.560426548,0.486656242,0.523613688,0.544587569,0.08,0.274353174,0.7346938775510203,100,11.4958368,363,32,30,0,38
401,0.560426548,0.486656242,0.523613688,0.544587569,0.08,0.274353174,0.7346938775510203,100,11.4958368,364,34,27,0,39
261,0.560426548,0.486656242,0.523613688,0.544587569,0.08,0.274353174,0.7346938775510203,100,11.4958368,365,45,22,0,33
328,0.560426548,0.486656242,0.523613688,0.544587569,0.08,0.274353174,0.7346938775510203,100,11.4958368,366,29,32,0,39
366,0.560426548,0.486656242,0.523613688,0.544587569,0.08,0.274353174,0.7346938775510203,100,11.4958368,367,33,16,0,51
456,0.560426548,0.486656242,0.523613688,0.544587569,0.08,0.274353174,0.7346938775510203,100,11.4958368,368,33,25,0,42
489,0.560426548,0.486656242,0.523613688,0.544587569,0.08,0.274353174,0.7346938775510203,100,11.4958368,369,33,28,0,39
134,0.560426548,0.486656242,0.523613688,0.544587569,0.08,0.274353174,0.7551020408163265,100,11.4958368,370,35,38,0,27
172,0.560426548,0.486656242,0.523613688,0.544587569,0.08,0.274353174,0.7551020408163265,100,11.4958368,371,39,29,0,32
363,0.560426548,0.486656242,0.523613688,0.544587569,0.08,0.274353174,0.7551020408163265,100,11.4958368,372,26,22,0,52
396,0.560426548,0.486656242,0.523613688,0.544587569,0.08,0.274353174,0.7551020408163265,100,11.4958368,373,30,25,0,45
287,0.560426548,0.486656242,0.523613688,0.544587569,0.08,0.274353174,0.7551020408163265,100,11.4958368,374,37,29,0,34
324,0.560426548,0.486656242,0.523613688,0.544587569,0.08,0.274353174,0.7551020408163265,100,11.4958368,375,47,23,0,30
418,0.560426548,0.486656242,0.523613688,0.544587569,0.08,0.274353174,0.7551020408163265,100,11.4958368,376,30,37,0,33
155,0.560426548,0.486656242,0.523613688,0.544587569,0.08,0.274353174,0.7551020408163265,100,11.4958368,377,21,35,0,44
350,0.560426548,0.486656242,0.523613688,0.544587569,0.08,0.274353174,0.7551020408163265,100,11.4958368,378,42,20,0,38
383,0.560426548,0.486656242,0.523613688,0.544587569,0.08,0.274353174,0.7551020408163265,100,11.4958368,379,36,32,0,32
319,0.560426548,0.486656242,0.523613688,0.544587569,0.08,0.274353174,0.7755102040816326,100,11.4958368,380,42,26,0,32
357,0.560426548,0.486656242,0.523613688,0.544587569,0.08,0.274353174,0.7755102040816326,100,11.4958368,381,37,19,0,44
240,0.560426548,0.486656242,0.523613688,0.544587569,0.08,0.274353174,0.7755102040816326,100,11.4958368,382,38,11,0,51
283,0.560426548,0.486656242,0.523613688,0.544587569,0.08,0.274353174,0.7755102040816326,100,11.4958368,383,43,23,0,34
408,0.560426548,0.486656242,0.523613688,0.544587569,0.08,0.274353174,0.7755102040816326,100,11.4958368,384,17,16,0,67
440,0.560426548,0.486656242,0.523613688,0.544587569,0.08,0.274353174,0.7755102040816326,100,11.4958368,385,43,35,0,22
117,0.560426548,0.486656242,0.523613688,0.544587569,0.08,0.274353174,0.7755102040816326,100,11.4958368,386,44,32,0,24
123,0.560426548,0.486656242,0.523613688,0.544587569,0.08,0.274353174,0.7755102040816326,100,11.4958368,387,42,23,0,35
248,0.560426548,0.486656242,0.523613688,0.544587569,0.08,0.274353174,0.7755102040816326,100,11.4958368,388,38,36,0,26
463,0.560426548,0.486656242,0.523613688,0.544587569,0.08,0.274353174,0.7755102040816326,100,11.4958368,389,60,30,0,10
99,0.560426548,0.486656242,0.523613688,0.544587569,0.08,0.274353174,0.7959183673469387,100,11.4958368,390,32,28,0,40
139,0.560426548,0.486656242,0.523613688,0.544587569,0.08,0.274353174,0.7959183673469387,100,11.4958368,391,34,25,0,41
237,0.560426548,0.486656242,0.523613688,0.544587569,0.08,0.274353174,0.7959183673469387,100,11.4958368,392,24,25,0,51
280,0.560426548,0.486656242,0.523613688,0.544587569,0.08,0.274353174,0.7959183673469387,100,11.4958368,393,36,20,0,44
162,0.560426548,0.486656242,0.523613688,0.544587569,0.08,0.274353174,0.7959183673469387,100,11.4958368,394,33,36,0,31
201,0.560426548,0.486656242,0.523613688,0.544587569,0.08,0.274353174,0.7959183673469387,100,11.4958368,395,31,18,0,51
387,0.560426548,0.486656242,0.523613688,0.544587569,0.08,0.274353174,0.7959183673469387,100,11.4958368,396,48,29,0,23
421,0.560426548,0.486656242,0.523613688,0.544587569,0.08,0.274353174,0.7959183673469387,100,11.4958368,397,37,35,0,28
316,0.560426548,0.486656242,0.523613688,0.544587569,0.08,0.274353174,0.7959183673469387,100,11.4958368,398,45,32,0,23
353,0.560426548,0.486656242,0.523613688,0.544587569,0.08,0.274353174,0.7959183673469387,100,11.4958368,399,41,16,0,43
194,0.560426548,0.486656242,0.523613688,0.544587569,0.08,0.274353174,0.8163265306122448,100,11.4958368,400,35,19,0,46
232,0.560426548,0.486656242,0.523613688,0.544587569,0.08,0.274353174,0.8163265306122448,100,11.4958368,401,46,22,0,32
161,0.560426548,0.486656242,0.523613688,0.544587569,0.08,0.274353174,0.8163265306122448,100,11.4958368,402,42,23,0,35
73,0.560426548,0.486656242,0.523613688,0.544587569,0.08,0.274353174,0.8163265306122448,100,11.4958368,403,44,20,0,36
346,0.560426548,0.486656242,0.523613688,0.544587569,0.08,0.274353174,0.8163265306122448,100,11.4958368,404,30,31,0,39
279,0.560426548,0.486656242,0.523613688,0.544587569,0.08,0.274353174,0.8163265306122448,100,11.4958368,405,30,34,0,36
273,0.560426548,0.486656242,0.523613688,0.544587569,0.08,0.274353174,0.8163265306122448,100,11.4958368,406,38,26,0,36
311,0.560426548,0.486656242,0.523613688,0.544587569,0.08,0.274353174,0.8163265306122448,100,11.4958368,407,39,17,0,44
404,0.560426548,0.486656242,0.523613688,0.544587569,0.08,0.274353174,0.8163265306122448,100,11.4958368,408,44,29,0,27
247,0.560426548,0.486656242,0.523613688,0.544587569,0.08,0.274353174,0.8163265306122448,100,11.4958368,409,39,29,0,32
72,0.560426548,0.486656242,0.523613688,0.544587569,0.08,0.274353174,0.836734693877551,100,11.4958368,410,39,22,0,39
111,0.560426548,0.486656242,0.523613688,0.544587569,0.08,0.274353174,0.836734693877551,100,11.4958368,411,37,37,0,26
303,0.560426548,0.486656242,0.523613688,0.544587569,0.08,0.274353174,0.836734693877551,100,11.4958368,412,37,28,0,35
338,0.560426548,0.486656242,0.523613688,0.544587569,0.08,0.274353174,0.836734693877551,100,11.4958368,413,61,19,0,20
226,0.560426548,0.486656242,0.523613688,0.544587569,0.08,0.274353174,0.836734693877551,100,11.4958368,414,40,25,0,35
265,0.560426548,0.486656242,0.523613688,0.544587569,0.08,0.274353174,0.836734693877551,100,11.4958368,415,41,31,0,28
203,0.560426548,0.486656242,0.523613688,0.544587569,0.08,0.274353174,0.836734693877551,100,11.4958368,416,44,15,0,41
238,0.560426548,0.486656242,0.523613688,0.544587569,0.08,0.274353174,0.836734693877551,100,11.4958368,417,37,38,0,25
125,0.560426548,0.486656242,0.523613688,0.544587569,0.08,0.274353174,0.836734693877551,100,11.4958368,418,36,30,0,34
164,0.560426548,0.486656242,0.523613688,0.544587569,0.08,0.274353174,0.836734693877551,100,11.4958368,419,37,31,0,32
94,0.560426548,0.486656242,0.523613688,0.544587569,0.08,0.274353174,0.8571428571428571,100,11.4958368,420,34,23,0,43
249,0.560426548,0.486656242,0.523613688,0.544587569,0.08,0.274353174,0.8571428571428571,100,11.4958368,421,34,33,0,33
17,0.560426548,0.486656242,0.523613688,0.544587569,0.08,0.274353174,0.8571428571428571,100,11.4958368,422,43,35,0,22
52,0.560426548,0.486656242,0.523613688,0.544587569,0.08,0.274353174,0.8571428571428571,100,11.4958368,423,48,22,0,30
156,0.560426548,0.486656242,0.523613688,0.544587569,0.08,0.274353174,0.8571428571428571,100,11.4958368,424,48,37,0,15
196,0.560426548,0.486656242,0.523613688,0.544587569,0.08,0.274353174,0.8571428571428571,100,11.4958368,425,30,45,0,25
79,0.560426548,0.486656242,0.523613688,0.544587569,0.08,0.274353174,0.8571428571428571,100,11.4958368,426,45,31,0,24
118,0.560426548,0.486656242,0.523613688,0.544587569,0.08,0.274353174,0.8571428571428571,100,11.4958368,427,41,19,0,40
313,0.560426548,0.486656242,0.523613688,0.544587569,0.08,0.274353174,0.8571428571428571,100,11.4958368,428,41,24,0,35
347,0.560426548,0.486656242,0.523613688,0.544587569,0.08,0.274353174,0.8571428571428571,100,11.4958368,429,44,27,0,29
474,0.560426548,0.486656242,0.523613688,0.544587569,0.08,0.274353174,0.8775510204081632,100,11.4958368,430,47,35,0,18
7,0.560426548,0.486656242,0.523613688,0.544587569,0.08,0.274353174,0.8775510204081632,100,11.4958368,431,51,20,0,29
112,0.560426548,0.486656242,0.523613688,0.544587569,0.08,0.274353174,0.8775510204081632,100,11.4958368,432,43,25,0,32
151,0.560426548,0.486656242,0.523613688,0.544587569,0.08,0.274353174,0.8775510204081632,100,11.4958368,433,28,17,0,55
33,0.560426548,0.486656242,0.523613688,0.544587569,0.08,0.274353174,0.8775510204081632,100,11.4958368,434,43,29,0,28
74,0.560426548,0.486656242,0.523613688,0.544587569,0.08,0.274353174,0.8775510204081632,100,11.4958368,435,59,22,0,19
267,0.560426548,0.486656242,0.523613688,0.544587569,0.08,0.274353174,0.8775510204081632,100,11.4958368,436,48,32,0,20
304,0.560426548,0.486656242,0.523613688,0.544587569,0.08,0.274353174,0.8775510204081632,100,11.4958368,437,31,27,0,42
188,0.560426548,0.486656242,0.523613688,0.544587569,0.08,0.274353174,0.8775510204081632,100,11.4958368,438,43,33,0,24
228,0.560426548,0.486656242,0.523613688,0.544587569,0.08,0.274353174,0.8775510204081632,100,11.4958368,439,39,25,0,36
446,0.560426548,0.486656242,0.523613688,0.544587569,0.08,0.274353174,0.8979591836734693,100,11.4958368,440,47,21,0,32
476,0.560426548,0.486656242,0.523613688,0.544587569,0.08,0.274353174,0.8979591836734693,100,11.4958368,441,37,25,0,38
377,0.560426548,0.486656242,0.523613688,0.544587569,0.08,0.274353174,0.8979591836734693,100,11.4958368,442,40,28,0,32
413,0.560426548,0.486656242,0.523613688,0.544587569,0.08,0.274353174,0.8979591836734693,100,11.4958368,443,34,21,0,45
88,0.560426548,0.486656242,0.523613688,0.544587569,0.08,0.274353174,0.8979591836734693,100,11.4958368,444,32,24,0,44
128,0.560426548,0.486656242,0.523613688,0.544587569,0.08,0.274353174,0.8979591836734693,100,11.4958368,445,34,26,0,40
10,0.560426548,0.486656242,0.523613688,0.544587569,0.08,0.274353174,0.8979591836734693,100,11.4958368,446,38,26,0,36
46,0.560426548,0.486656242,0.523613688,0.544587569,0.08,0.274353174,0.8979591836734693,100,11.4958368,447,40,33,0,27
317,0.560426548,0.486656242,0.523613688,0.544587569,0.08,0.274353174,0.8979591836734693,100,11.4958368,448,32,15,0,53
355,0.560426548,0.486656242,0.523613688,0.544587569,0.08,0.274353174,0.8979591836734693,100,11.4958368,449,44,29,0,27
481,0.560426548,0.486656242,0.523613688,0.544587569,0.08,0.274353174,0.9183673469387754,100,11.4958368,450,48,22,0,30
16,0.560426548,0.486656242,0.523613688,0.544587569,0.08,0.274353174,0.9183673469387754,100,11.4958368,451,47,26,0,27
210,0.560426548,0.486656242,0.523613688,0.544587569,0.08,0.274353174,0.9183673469387754,100,11.4958368,452,43,29,0,28
245,0.560426548,0.486656242,0.523613688,0.544587569,0.08,0.274353174,0.9183673469387754,100,11.4958368,453,26,52,0,22
132,0.560426548,0.486656242,0.523613688,0.544587569,0.08,0.274353174,0.9183673469387754,100,11.4958368,454,29,30,0,41
171,0.560426548,0.486656242,0.523613688,0.544587569,0.08,0.274353174,0.9183673469387754,100,11.4958368,455,31,23,0,46
274,0.560426548,0.486656242,0.523613688,0.544587569,0.08,0.274353174,0.9183673469387754,100,11.4958368,456,34,14,0,52
312,0.560426548,0.486656242,0.523613688,0.544587569,0.08,0.274353174,0.9183673469387754,100,11.4958368,457,42,23,0,35
195,0.560426548,0.486656242,0.523613688,0.544587569,0.08,0.274353174,0.9183673469387754,100,11.4958368,458,33,29,0,38
233,0.560426548,0.486656242,0.523613688,0.544587569,0.08,0.274353174,0.9183673469387754,100,11.4958368,459,33,31,0,36
427,0.560426548,0.486656242,0.523613688,0.544587569,0.08,0.274353174,0.9387755102040816,100,11.4958368,460,54,19,0,27
145,0.560426548,0.486656242,0.523613688,0.544587569,0.08,0.274353174,0.9387755102040816,100,11.4958368,461,40,37,0,23
480,0.560426548,0.486656242,0.523613688,0.544587569,0.08,0.274353174,0.9387755102040816,100,11.4958368,462,31,27,0,42
209,0.560426548,0.486656242,0.523613688,0.544587569,0.08,0.274353174,0.9387755102040816,100,11.4958368,463,36,29,0,35
227,0.560426548,0.486656242,0.523613688,0.544587569,0.08,0.274353174,0.9387755102040816,100,11.4958368,464,33,22,0,45
266,0.560426548,0.486656242,0.523613688,0.544587569,0.08,0.274353174,0.9387755102040816,100,11.4958368,465,38,25,0,37
150,0.560426548,0.486656242,0.523613688,0.544587569,0.08,0.274353174,0.9387755102040816,100,11.4958368,466,28,18,0,54
187,0.560426548,0.486656242,0.523613688,0.544587569,0.08,0.274353174,0.9387755102040816,100,11.4958368,467,40,41,0,19
374,0.560426548,0.486656242,0.523613688,0.544587569,0.08,0.274353174,0.9387755102040816,100,11.4958368,468,34,20,0,46
411,0.560426548,0.486656242,0.523613688,0.544587569,0.08,0.274353174,0.9387755102040816,100,11.4958368,469,24,6,0,70
37,0.560426548,0.486656242,0.523613688,0.544587569,0.08,0.274353174,0.9591836734693877,100,11.4958368,470,32,23,0,45
78,0.560426548,0.486656242,0.523613688,0.544587569,0.08,0.274353174,0.9591836734693877,100,11.4958368,471,34,26,0,40
183,0.560426548,0.486656242,0.523613688,0.544587569,0.08,0.274353174,0.9591836734693877,100,11.4958368,472,29,17,0,54
269,0.560426548,0.486656242,0.523613688,0.544587569,0.08,0.274353174,0.9591836734693877,100,11.4958368,473,30,26,0,44
103,0.560426548,0.486656242,0.523613688,0.544587569,0.08,0.274353174,0.9591836734693877,100,11.4958368,474,35,18,0,47
144,0.560426548,0.486656242,0.523613688,0.544587569,0.08,0.274353174,0.9591836734693877,100,11.4958368,475,28,8,0,64
376,0.560426548,0.486656242,0.523613688,0.544587569,0.08,0.274353174,0.9591836734693877,100,11.4958368,476,54,21,0,25
291,0.560426548,0.486656242,0.523613688,0.544587569,0.08,0.274353174,0.9591836734693877,100,11.4958368,477,0,0,0,100
277,0.560426548,0.486656242,0.523613688,0.544587569,0.08,0.274353174,0.9591836734693877,100,11.4958368,478,34,19,0,47
191,0.560426548,0.486656242,0.523613688,0.544587569,0.08,0.274353174,0.9591836734693877,100,11.4958368,479,36,33,0,31
475,0.560426548,0.486656242,0.523613688,0.544587569,0.08,0.274353174,0.9795918367346939,100,11.4958368,480,34,24,0,42
9,0.560426548,0.486656242,0.523613688,0.544587569,0.08,0.274353174,0.9795918367346939,100,11.4958368,481,48,25,0,27
412,0.560426548,0.486656242,0.523613688,0.544587569,0.08,0.274353174,0.9795918367346939,100,11.4958368,482,33,13,0,54
445,0.560426548,0.486656242,0.523613688,0.544587569,0.08,0.274353174,0.9795918367346939,100,11.4958368,483,46,13,0,41
127,0.560426548,0.486656242,0.523613688,0.544587569,0.08,0.274353174,0.9795918367346939,100,11.4958368,484,28,19,0,53
166,0.560426548,0.486656242,0.523613688,0.544587569,0.08,0.274353174,0.9795918367346939,100,11.4958368,485,43,28,0,29
399,0.560426548,0.486656242,0.523613688,0.544587569,0.08,0.274353174,0.9795918367346939,100,11.4958368,486,38,38,0,24
406,0.560426548,0.486656242,0.523613688,0.544587569,0.08,0.274353174,0.9795918367346939,100,11.4958368,487,43,32,0,25
342,0.560426548,0.486656242,0.523613688,0.544587569,0.08,0.274353174,0.9795918367346939,100,11.4958368,488,41,29,0,30
349,0.560426548,0.486656242,0.523613688,0.544587569,0.08,0.274353174,0.9795918367346939,100,11.4958368,489,37,29,0,34
84,0.560426548,0.486656242,0.523613688,0.544587569,0.08,0.274353174,1.0,100,11.4958368,490,38,35,0,27
373,0.560426548,0.486656242,0.523613688,0.544587569,0.08,0.274353174,1.0,100,11.4958368,491,22,12,0,66
320,0.560426548,0.486656242,0.523613688,0.544587569,0.08,0.274353174,1.0,100,11.4958368,492,44,17,0,39
431,0.560426548,0.486656242,0.523613688,0.544587569,0.08,0.274353174,1.0,100,11.4958368,493,44,34,0,22
307,0.560426548,0.486656242,0.523613688,0.544587569,0.08,0.274353174,1.0,100,11.4958368,494,35,14,0,51
141,0.560426548,0.486656242,0.523613688,0.544587569,0.08,0.274353174,1.0,100,11.4958368,495,36,38,0,26
193,0.560426548,0.486656242,0.523613688,0.544587569,0.08,0.274353174,1.0,100,11.4958368,496,41,30,0,29
51,0.560426548,0.486656242,0.523613688,0.544587569,0.08,0.274353174,1.0,100,11.4958368,497,42,26,0,32
230,0.560426548,0.486656242,0.523613688,0.544587569,0.08,0.274353174,1.0,100,11.4958368,498,49,24,0,27
93,0.560426548,0.486656242,0.523613688,0.544587569,0.08,0.274353174,1.0,100,11.4958368,499,44,26,0,30
