p_uf,p_pu,p_up,p_fl,p_lu,g,ratio,N,size,Run,followers,leaders,pheromone,unassigned
0.578564453125,0.05994140625,0.700390625,0.60767578125,0.08408203125,0.315361328125,0.45229492187500003,256.0,12.0,0,0,0,256,0
0.5590136718750001,0.05994140625,0.700390625,0.60767578125,0.08408203125,0.315361328125,0.45229492187500003,256.0,12.0,1,0,0,256,0
0.578564453125,0.05267578125,0.700390625,0.60767578125,0.08408203125,0.315361328125,0.45229492187500003,256.0,12.0,2,0,0,256,0
0.578564453125,0.05994140625,0.552734375,0.60767578125,0.08408203125,0.315361328125,0.45229492187500003,256.0,12.0,3,0,0,256,0
0.578564453125,0.05994140625,0.700390625,0.55611328125,0.08408203125,0.315361328125,0.45229492187500003,256.0,12.0,4,0,0,256,0
0.578564453125,0.05994140625,0.700390625,0.60767578125,0.11513671874999999,0.315361328125,0.45229492187500003,256.0,12.0,5,0,0,256,0
0.578564453125,0.05994140625,0.700390625,0.60767578125,0.08408203125,0.27717773437500004,0.45229492187500003,256.0,12.0,6,0,0,256,0
0.578564453125,0.05994140625,0.700390625,0.60767578125,0.08408203125,0.315361328125,0.468505859375,256.0,12.0,7,0,0,256,0
0.578564453125,0.05994140625,0.700390625,0.60767578125,0.08408203125,0.315361328125,0.45229492187500003,256.0,12.0,8,0,0,256,0
0.578564453125,0.05994140625,0.700390625,0.60767578125,0.08408203125,0.315361328125,0.45229492187500003,256.0,11.0,9,0,0,256,0
0.578564453125,0.05267578125,0.552734375,0.55611328125,0.11513671874999999,0.27717773437500004,0.468505859375,256.0,11.0,10,0,0,256,0
0.5590136718750001,0.05994140625,0.552734375,0.55611328125,0.11513671874999999,0.27717773437500004,0.468505859375,256.0,11.0,11,0,0,256,0
0.5590136718750001,0.05267578125,0.700390625,0.55611328125,0.11513671874999999,0.27717773437500004,0.468505859375,256.0,11.0,12,0,0,256,0
0.5590136718750001,0.05267578125,0.552734375,0.60767578125,0.11513671874999999,0.27717773437500004,0.468505859375,256.0,11.0,13,0,0,256,0
0.5590136718750001,0.05267578125,0.552734375,0.55611328125,0.08408203125,0.27717773437500004,0.468505859375,256.0,11.0,14,0,0,256,0
0.5590136718750001,0.05267578125,0.552734375,0.55611328125,0.11513671874999999,0.315361328125,0.468505859375,256.0,11.0,15,0,0,256,0
0.5590136718750001,0.05267578125,0.552734375,0.55611328125,0.11513671874999999,0.27717773437500004,0.45229492187500003,256.0,11.0,16,0,0,256,0
0.5590136718750001,0.05267578125,0.552734375,0.55611328125,0.11513671874999999,0.27717773437500004,0.468505859375,256.0,11.0,17,0,0,256,0
0.5590136718750001,0.05267578125,0.552734375,0.55611328125,0.11513671874999999,0.27717773437500004,0.468505859375,256.0,12.0,18,0,0,256,0
0.5590136718750001,0.05267578125,0.552734375,0.55611328125,0.11513671874999999,0.27717773437500004,0.468505859375,256.0,11.0,19,0,0,256,0
0.643564453125,0.36994140625,0.42039062499999996,0.5576757812500001,0.23408203125,0.29036132812500004,0.477294921875,255.0,11.0,20,0,0,255,0
0.624013671875,0.36994140625,0.42039062499999996,0.5576757812500001,0.23408203125,0.29036132812500004,0.477294921875,255.0,11.0,21,0,0,255,0
0.643564453125,0.36267578125,0.42039062499999996,0.5576757812500001,0.23408203125,0.29036132812500004,0.477294921875,255.0,11.0,22,0,0,255,0
0.643564453125,0.36994140625,0.832734375,0.5576757812500001,0.23408203125,0.29036132812500004,0.477294921875,255.0,11.0,23,0,0,255,0
0.643564453125,0.36994140625,0.42039062499999996,0.6061132812500001,0.23408203125,0.29036132812500004,0.477294921875,255.0,11.0,24,0,0,255,0
0.643564453125,0.36994140625,0.42039062499999996,0.5576757812500001,0.26513671875,0.29036132812500004,0.477294921875,255.0,11.0,25,0,0,255,0
0.643564453125,0.36994140625,0.42039062499999996,0.5576757812500001,0.23408203125,0.302177734375,0.477294921875,255.0,11.0,26,0,0,255,0
0.643564453125,0.36994140625,0.42039062499999996,0.5576757812500001,0.23408203125,0.29036132812500004,0.493505859375,255.0,11.0,27,0,0,255,0
0.643564453125,0.36994140625,0.42039062499999996,0.5576757812500001,0.23408203125,0.29036132812500004,0.477294921875,255.0,11.0,28,0,0,255,0
0.643564453125,0.36994140625,0.42039062499999996,0.5576757812500001,0.23408203125,0.29036132812500004,0.477294921875,255.0,12.0,29,0,0,255,0
0.643564453125,0.36267578125,0.832734375,0.6061132812500001,0.26513671875,0.302177734375,0.493505859375,255.0,12.0,30,0,0,255,0
0.624013671875,0.36994140625,0.832734375,0.6061132812500001,0.26513671875,0.302177734375,0.493505859375,255.0,12.0,31,0,0,255,0
0.624013671875,0.36267578125,0.42039062499999996,0.6061132812500001,0.26513671875,0.302177734375,0.493505859375,255.0,12.0,32,0,0,255,0
0.624013671875,0.36267578125,0.832734375,0.5576757812500001,0.26513671875,0.302177734375,0.493505859375,255.0,12.0,33,0,0,255,0
0.624013671875,0.36267578125,0.832734375,0.6061132812500001,0.23408203125,0.302177734375,0.493505859375,255.0,12.0,34,0,0,255,0
0.624013671875,0.36267578125,0.832734375,0.6061132812500001,0.26513671875,0.29036132812500004,0.493505859375,255.0,12.0,35,0,0,255,0
0.624013671875,0.36267578125,0.832734375,0.6061132812500001,0.26513671875,0.302177734375,0.477294921875,255.0,12.0,36,0,0,255,0
0.624013671875,0.36267578125,0.832734375,0.6061132812500001,0.26513671875,0.302177734375,0.493505859375,255.0,12.0,37,0,0,255,0
0.624013671875,0.36267578125,0.832734375,0.6061132812500001,0.26513671875,0.302177734375,0.493505859375,255.0,11.0,38,0,0,255,0
0.624013671875,0.36267578125,0.832734375,0.6061132812500001,0.26513671875,0.302177734375,0.493505859375,255.0,12.0,39,0,0,255,0
0.6760644531250001,0.21494140625,0.840390625,0.63267578125,0.15908203125,0.27786132812500003,0.464794921875,255.0,11.0,40,0,0,255,0
0.6565136718750001,0.21494140625,0.840390625,0.63267578125,0.15908203125,0.27786132812500003,0.464794921875,255.0,11.0,41,0,0,255,0
0.6760644531250001,0.51767578125,0.840390625,0.63267578125,0.15908203125,0.27786132812500003,0.464794921875,255.0,11.0,42,0,0,255,0
0.6760644531250001,0.21494140625,0.692734375,0.63267578125,0.15908203125,0.27786132812500003,0.464794921875,255.0,11.0,43,0,0,255,0
0.6760644531250001,0.21494140625,0.840390625,0.5811132812500001,0.15908203125,0.27786132812500003,0.464794921875,255.0,11.0,44,0,0,255,0
0.6760644531250001,0.21494140625,0.840390625,0.63267578125,0.04013671875,0.27786132812500003,0.464794921875,255.0,11.0,45,0,0,255,0
0.6760644531250001,0.21494140625,0.840390625,0.63267578125,0.15908203125,0.314677734375,0.464794921875,255.0,11.0,46,0,0,255,0
0.6760644531250001,0.21494140625,0.840390625,0.63267578125,0.15908203125,0.27786132812500003,0.456005859375,255.0,11.0,47,0,0,255,0
0.6760644531250001,0.21494140625,0.840390625,0.63267578125,0.15908203125,0.27786132812500003,0.464794921875,255.0,11.0,48,0,0,255,0
0.6760644531250001,0.21494140625,0.840390625,0.63267578125,0.15908203125,0.27786132812500003,0.464794921875,255.0,11.0,49,0,0,255,0
0.6760644531250001,0.51767578125,0.692734375,0.5811132812500001,0.04013671875,0.314677734375,0.456005859375,255.0,11.0,50,152,59,0,44
0.6565136718750001,0.21494140625,0.692734375,0.5811132812500001,0.04013671875,0.314677734375,0.456005859375,255.0,11.0,51,143,73,0,39
0.6565136718750001,0.51767578125,0.840390625,0.5811132812500001,0.04013671875,0.314677734375,0.456005859375,255.0,11.0,52,147,86,0,22
0.6565136718750001,0.51767578125,0.692734375,0.63267578125,0.04013671875,0.314677734375,0.456005859375,255.0,11.0,53,137,92,0,26
0.6565136718750001,0.51767578125,0.692734375,0.5811132812500001,0.15908203125,0.314677734375,0.456005859375,255.0,11.0,54,0,0,255,0
0.6565136718750001,0.51767578125,0.692734375,0.5811132812500001,0.04013671875,0.27786132812500003,0.456005859375,255.0,11.0,55,163,64,0,28
0.6565136718750001,0.51767578125,0.692734375,0.5811132812500001,0.04013671875,0.314677734375,0.464794921875,255.0,11.0,56,141,81,0,33
0.6565136718750001,0.51767578125,0.692734375,0.5811132812500001,0.04013671875,0.314677734375,0.456005859375,255.0,11.0,57,141,80,0,34
0.6565136718750001,0.51767578125,0.692734375,0.5811132812500001,0.04013671875,0.314677734375,0.456005859375,255.0,11.0,58,136,85,0,34
0.6565136718750001,0.51767578125,0.692734375,0.5811132812500001,0.04013671875,0.314677734375,0.456005859375,255.0,11.0,59,126,86,0,43
0.611064453125,0.52494140625,0.560390625,0.5826757812500001,0.009082031249999999,0.302861328125,0.489794921875,256.0,12.0,60,124,126,0,6
0.591513671875,0.52494140625,0.560390625,0.5826757812500001,0.009082031249999999,0.302861328125,0.489794921875,256.0,12.0,61,127,123,0,6
0.611064453125,0.20767578125,0.560390625,0.5826757812500001,0.009082031249999999,0.302861328125,0.489794921875,256.0,12.0,62,128,125,0,3
0.611064453125,0.52494140625,0.412734375,0.5826757812500001,0.009082031249999999,0.302861328125,0.489794921875,256.0,12.0,63,122,127,0,7
0.611064453125,0.52494140625,0.560390625,0.63111328125,0.009082031249999999,0.302861328125,0.489794921875,256.0,12.0,64,136,113,0,7
0.611064453125,0.52494140625,0.560390625,0.5826757812500001,0.19013671875,0.302861328125,0.489794921875,256.0,12.0,65,0,0,0,256
0.611064453125,0.52494140625,0.560390625,0.5826757812500001,0.009082031249999999,0.289677734375,0.489794921875,256.0,12.0,66,128,118,0,10
0.611064453125,0.52494140625,0.560390625,0.5826757812500001,0.009082031249999999,0.302861328125,0.481005859375,256.0,12.0,67,123,126,0,7
0.611064453125,0.52494140625,0.560390625,0.5826757812500001,0.009082031249999999,0.302861328125,0.489794921875,256.0,12.0,68,121,127,0,8
0.611064453125,0.52494140625,0.560390625,0.5826757812500001,0.009082031249999999,0.302861328125,0.489794921875,256.0,12.0,69,123,122,0,11
0.611064453125,0.20767578125,0.412734375,0.63111328125,0.19013671875,0.289677734375,0.481005859375,256.0,12.0,70,0,0,256,0
0.591513671875,0.52494140625,0.412734375,0.63111328125,0.19013671875,0.289677734375,0.481005859375,256.0,12.0,71,0,0,0,256
0.591513671875,0.20767578125,0.560390625,0.63111328125,0.19013671875,0.289677734375,0.481005859375,256.0,12.0,72,0,0,256,0
0.591513671875,0.20767578125,0.412734375,0.5826757812500001,0.19013671875,0.289677734375,0.481005859375,256.0,12.0,73,0,0,256,0
0.591513671875,0.20767578125,0.412734375,0.63111328125,0.009082031249999999,0.289677734375,0.481005859375,256.0,12.0,74,110,131,0,15
0.591513671875,0.20767578125,0.412734375,0.63111328125,0.19013671875,0.302861328125,0.481005859375,256.0,12.0,75,0,0,256,0
0.591513671875,0.20767578125,0.412734375,0.63111328125,0.19013671875,0.289677734375,0.489794921875,256.0,12.0,76,0,0,256,0
0.591513671875,0.20767578125,0.412734375,0.63111328125,0.19013671875,0.289677734375,0.481005859375,256.0,12.0,77,0,0,256,0
0.591513671875,0.20767578125,0.412734375,0.63111328125,0.19013671875,0.289677734375,0.481005859375,256.0,12.0,78,0,0,256,0
0.591513671875,0.20767578125,0.412734375,0.63111328125,0.19013671875,0.289677734375,0.481005859375,256.0,12.0,79,0,0,256,0
0.594814453125,0.29244140625,0.49039062499999997,0.57017578125,0.046582031249999996,0.30911132812500003,0.471044921875,255.0,11.0,80,132,83,0,40
0.6402636718750001,0.29244140625,0.49039062499999997,0.57017578125,0.046582031249999996,0.30911132812500003,0.471044921875,255.0,11.0,81,135,51,0,69
0.594814453125,0.59517578125,0.49039062499999997,0.57017578125,0.046582031249999996,0.30911132812500003,0.471044921875,255.0,11.0,82,124,75,0,56
0.594814453125,0.29244140625,0.482734375,0.57017578125,0.046582031249999996,0.30911132812500003,0.471044921875,255.0,11.0,83,122,58,0,75
0.594814453125,0.29244140625,0.49039062499999997,0.56861328125,0.046582031249999996,0.30911132812500003,0.471044921875,255.0,11.0,84,116,101,0,38
0.594814453125,0.29244140625,0.49039062499999997,0.57017578125,0.22763671875,0.30911132812500003,0.471044921875,255.0,11.0,85,0,0,255,0
0.594814453125,0.29244140625,0.49039062499999997,0.57017578125,0.046582031249999996,0.283427734375,0.471044921875,255.0,11.0,86,117,74,0,64
0.594814453125,0.29244140625,0.49039062499999997,0.57017578125,0.046582031249999996,0.30911132812500003,0.487255859375,255.0,11.0,87,121,93,0,41
0.594814453125,0.29244140625,0.49039062499999997,0.57017578125,0.046582031249999996,0.30911132812500003,0.471044921875,256.0,11.0,88,120,68,0,68
0.594814453125,0.29244140625,0.49039062499999997,0.57017578125,0.046582031249999996,0.30911132812500003,0.471044921875,255.0,12.0,89,123,70,0,62
0.594814453125,0.59517578125,0.482734375,0.56861328125,0.22763671875,0.283427734375,0.487255859375,256.0,12.0,90,0,0,0,256
0.6402636718750001,0.29244140625,0.482734375,0.56861328125,0.22763671875,0.283427734375,0.487255859375,256.0,12.0,91,0,0,256,0
0.6402636718750001,0.59517578125,0.49039062499999997,0.56861328125,0.22763671875,0.283427734375,0.487255859375,256.0,12.0,92,0,0,0,256
0.6402636718750001,0.59517578125,0.482734375,0.57017578125,0.22763671875,0.283427734375,0.487255859375,256.0,12.0,93,0,0,0,256
0.6402636718750001,0.59517578125,0.482734375,0.56861328125,0.046582031249999996,0.283427734375,0.487255859375,256.0,12.0,94,150,60,0,46
0.6402636718750001,0.59517578125,0.482734375,0.56861328125,0.22763671875,0.30911132812500003,0.487255859375,256.0,12.0,95,0,0,0,256
0.6402636718750001,0.59517578125,0.482734375,0.56861328125,0.22763671875,0.283427734375,0.471044921875,256.0,12.0,96,0,0,0,256
0.6402636718750001,0.59517578125,0.482734375,0.56861328125,0.22763671875,0.283427734375,0.487255859375,255.0,12.0,97,0,0,0,255
0.6402636718750001,0.59517578125,0.482734375,0.56861328125,0.22763671875,0.283427734375,0.487255859375,256.0,11.0,98,0,0,0,256
0.6402636718750001,0.59517578125,0.482734375,0.56861328125,0.22763671875,0.283427734375,0.487255859375,256.0,12.0,99,0,0,0,256
0.6598144531250001,0.60244140625,0.770390625,0.6201757812500001,0.19658203124999998,0.284111328125,0.496044921875,256.0,12.0,100,0,0,256,0
0.575263671875,0.60244140625,0.770390625,0.6201757812500001,0.19658203124999998,0.284111328125,0.496044921875,256.0,12.0,101,0,0,256,0
0.6598144531250001,0.28517578125,0.770390625,0.6201757812500001,0.19658203124999998,0.284111328125,0.496044921875,256.0,12.0,102,0,0,256,0
0.6598144531250001,0.60244140625,0.762734375,0.6201757812500001,0.19658203124999998,0.284111328125,0.496044921875,256.0,12.0,103,0,0,256,0
0.6598144531250001,0.60244140625,0.770390625,0.61861328125,0.19658203124999998,0.284111328125,0.496044921875,256.0,12.0,104,0,0,256,0
0.6598144531250001,0.60244140625,0.770390625,0.6201757812500001,0.07763671875,0.284111328125,0.496044921875,256.0,12.0,105,119,55,0,82
0.6598144531250001,0.60244140625,0.770390625,0.6201757812500001,0.19658203124999998,0.30842773437500004,0.496044921875,256.0,12.0,106,0,0,256,0
0.6598144531250001,0.60244140625,0.770390625,0.6201757812500001,0.19658203124999998,0.284111328125,0.462255859375,256.0,12.0,107,0,0,256,0
0.6598144531250001,0.60244140625,0.770390625,0.6201757812500001,0.19658203124999998,0.284111328125,0.496044921875,255.0,12.0,108,0,0,255,0
0.6598144531250001,0.60244140625,0.770390625,0.6201757812500001,0.19658203124999998,0.284111328125,0.496044921875,256.0,11.0,109,0,0,256,0
0.6598144531250001,0.28517578125,0.762734375,0.61861328125,0.07763671875,0.30842773437500004,0.462255859375,255.0,11.0,110,0,0,255,0
0.575263671875,0.60244140625,0.762734375,0.61861328125,0.07763671875,0.30842773437500004,0.462255859375,255.0,11.0,111,91,51,0,113
0.575263671875,0.28517578125,0.770390625,0.61861328125,0.07763671875,0.30842773437500004,0.462255859375,255.0,11.0,112,0,0,255,0
0.575263671875,0.28517578125,0.762734375,0.6201757812500001,0.07763671875,0.30842773437500004,0.462255859375,255.0,11.0,113,0,0,255,0
0.575263671875,0.28517578125,0.762734375,0.61861328125,0.19658203124999998,0.30842773437500004,0.462255859375,255.0,11.0,114,0,0,255,0
0.575263671875,0.28517578125,0.762734375,0.61861328125,0.07763671875,0.284111328125,0.462255859375,255.0,11.0,115,0,0,255,0
0.575263671875,0.28517578125,0.762734375,0.61861328125,0.07763671875,0.30842773437500004,0.496044921875,255.0,11.0,116,0,0,255,0
0.575263671875,0.28517578125,0.762734375,0.61861328125,0.07763671875,0.30842773437500004,0.462255859375,256.0,11.0,117,0,0,256,0
0.575263671875,0.28517578125,0.762734375,0.61861328125,0.07763671875,0.30842773437500004,0.462255859375,255.0,12.0,118,0,0,255,0
0.575263671875,0.28517578125,0.762734375,0.61861328125,0.07763671875,0.30842773437500004,0.462255859375,255.0,11.0,119,0,0,255,0
0.627314453125,0.13744140625,0.630390625,0.54517578125,0.27158203124999997,0.271611328125,0.458544921875,256.0,12.0,120,0,0,256,0
0.607763671875,0.13744140625,0.630390625,0.54517578125,0.27158203124999997,0.271611328125,0.458544921875,256.0,12.0,121,0,0,256,0
0.627314453125,0.13017578125,0.630390625,0.54517578125,0.27158203124999997,0.271611328125,0.458544921875,256.0,12.0,122,0,0,256,0
0.627314453125,0.13744140625,0.9027343750000001,0.54517578125,0.27158203124999997,0.271611328125,0.458544921875,256.0,12.0,123,0,0,256,0
0.627314453125,0.13744140625,0.630390625,0.5436132812500001,0.27158203124999997,0.271611328125,0.458544921875,256.0,12.0,124,0,0,256,0
0.627314453125,0.13744140625,0.630390625,0.54517578125,0.15263671874999998,0.271611328125,0.458544921875,256.0,12.0,125,0,0,256,0
0.627314453125,0.13744140625,0.630390625,0.54517578125,0.27158203124999997,0.29592773437500003,0.458544921875,256.0,12.0,126,0,0,256,0
0.627314453125,0.13744140625,0.630390625,0.54517578125,0.27158203124999997,0.271611328125,0.499755859375,256.0,12.0,127,0,0,256,0
0.627314453125,0.13744140625,0.630390625,0.54517578125,0.27158203124999997,0.271611328125,0.458544921875,255.0,12.0,128,0,0,255,0
0.627314453125,0.13744140625,0.630390625,0.54517578125,0.27158203124999997,0.271611328125,0.458544921875,256.0,12.0,129,0,0,256,0
0.627314453125,0.13017578125,0.9027343750000001,0.5436132812500001,0.15263671874999998,0.29592773437500003,0.499755859375,255.0,12.0,130,0,0,255,0
0.607763671875,0.13744140625,0.9027343750000001,0.5436132812500001,0.15263671874999998,0.29592773437500003,0.499755859375,255.0,12.0,131,0,0,255,0
0.607763671875,0.13017578125,0.630390625,0.5436132812500001,0.15263671874999998,0.29592773437500003,0.499755859375,255.0,12.0,132,0,0,255,0
0.607763671875,0.13017578125,0.9027343750000001,0.54517578125,0.15263671874999998,0.29592773437500003,0.499755859375,255.0,12.0,133,0,0,255,0
0.607763671875,0.13017578125,0.9027343750000001,0.5436132812500001,0.27158203124999997,0.29592773437500003,0.499755859375,255.0,12.0,134,0,0,255,0
0.607763671875,0.13017578125,0.9027343750000001,0.5436132812500001,0.15263671874999998,0.271611328125,0.499755859375,255.0,12.0,135,0,0,255,0
0.607763671875,0.13017578125,0.9027343750000001,0.5436132812500001,0.15263671874999998,0.29592773437500003,0.458544921875,255.0,12.0,136,0,0,255,0
0.607763671875,0.13017578125,0.9027343750000001,0.5436132812500001,0.15263671874999998,0.29592773437500003,0.499755859375,256.0,12.0,137,0,0,256,0
0.607763671875,0.13017578125,0.9027343750000001,0.5436132812500001,0.15263671874999998,0.29592773437500003,0.499755859375,255.0,12.0,138,0,0,255,0
0.607763671875,0.13017578125,0.9027343750000001,0.5436132812500001,0.15263671874999998,0.29592773437500003,0.499755859375,255.0,12.0,139,0,0,255,0
0.5623144531250001,0.44744140625,0.910390625,0.59517578125,0.12158203125,0.296611328125,0.483544921875,255.0,11.0,140,0,0,255,0
0.6727636718750001,0.44744140625,0.910390625,0.59517578125,0.12158203125,0.296611328125,0.483544921875,255.0,11.0,141,0,0,255,0
0.5623144531250001,0.44017578125,0.910390625,0.59517578125,0.12158203125,0.296611328125,0.483544921875,255.0,11.0,142,0,0,255,0
0.5623144531250001,0.44744140625,0.6227343750000001,0.59517578125,0.12158203125,0.296611328125,0.483544921875,255.0,11.0,143,0,0,255,0
0.5623144531250001,0.44744140625,0.910390625,0.59361328125,0.12158203125,0.296611328125,0.483544921875,255.0,11.0,144,0,0,255,0
0.5623144531250001,0.44744140625,0.910390625,0.59517578125,0.0026367187499999997,0.296611328125,0.483544921875,255.0,11.0,145,87,168,0,0
0.5623144531250001,0.44744140625,0.910390625,0.59517578125,0.12158203125,0.270927734375,0.483544921875,255.0,11.0,146,0,0,255,0
0.5623144531250001,0.44744140625,0.910390625,0.59517578125,0.12158203125,0.296611328125,0.474755859375,255.0,11.0,147,0,0,255,0
0.5623144531250001,0.44744140625,0.910390625,0.59517578125,0.12158203125,0.296611328125,0.483544921875,256.0,11.0,148,0,0,256,0
0.5623144531250001,0.44744140625,0.910390625,0.59517578125,0.12158203125,0.296611328125,0.483544921875,255.0,11.0,149,0,0,255,0
0.5623144531250001,0.44017578125,0.6227343750000001,0.59361328125,0.0026367187499999997,0.270927734375,0.474755859375,256.0,11.0,150,82,174,0,0
0.6727636718750001,0.44744140625,0.6227343750000001,0.59361328125,0.0026367187499999997,0.270927734375,0.474755859375,256.0,11.0,151,88,168,0,0
0.6727636718750001,0.44017578125,0.910390625,0.59361328125,0.0026367187499999997,0.270927734375,0.474755859375,256.0,11.0,152,109,147,0,0
0.6727636718750001,0.44017578125,0.6227343750000001,0.59517578125,0.0026367187499999997,0.270927734375,0.474755859375,256.0,11.0,153,91,165,0,0
0.6727636718750001,0.44017578125,0.6227343750000001,0.59361328125,0.12158203125,0.270927734375,0.474755859375,256.0,11.0,154,0,0,256,0
0.6727636718750001,0.44017578125,0.6227343750000001,0.59361328125,0.0026367187499999997,0.296611328125,0.474755859375,256.0,11.0,155,88,167,0,1
0.6727636718750001,0.44017578125,0.6227343750000001,0.59361328125,0.0026367187499999997,0.270927734375,0.483544921875,256.0,11.0,156,92,163,0,1
0.6727636718750001,0.44017578125,0.6227343750000001,0.59361328125,0.0026367187499999997,0.270927734375,0.474755859375,255.0,11.0,157,82,173,0,0
0.6727636718750001,0.44017578125,0.6227343750000001,0.59361328125,0.0026367187499999997,0.270927734375,0.474755859375,256.0,11.0,158,83,173,0,0
0.6727636718750001,0.44017578125,0.6227343750000001,0.59361328125,0.0026367187499999997,0.270927734375,0.474755859375,256.0,11.0,159,96,159,0,1
0.5582519531250001,0.11806640625,0.437890625,0.58580078125,0.18720703125,0.28254882812500004,0.497607421875,256.0,11.0,160,0,0,256,0
0.603701171875,0.11806640625,0.437890625,0.58580078125,0.18720703125,0.28254882812500004,0.497607421875,256.0,11.0,161,0,0,256,0
0.5582519531250001,0.45955078125,0.437890625,0.58580078125,0.18720703125,0.28254882812500004,0.497607421875,256.0,11.0,162,0,0,0,256
0.5582519531250001,0.11806640625,0.5352343749999999,0.58580078125,0.18720703125,0.28254882812500004,0.497607421875,256.0,11.0,163,0,0,256,0
0.5582519531250001,0.11806640625,0.437890625,0.58423828125,0.18720703125,0.28254882812500004,0.497607421875,256.0,11.0,164,0,0,256,0
0.5582519531250001,0.11806640625,0.437890625,0.58580078125,0.06826171874999999,0.28254882812500004,0.497607421875,256.0,11.0,165,0,0,256,0
0.5582519531250001,0.11806640625,0.437890625,0.58580078125,0.18720703125,0.30374023437500003,0.497607421875,256.0,11.0,166,0,0,256,0
0.5582519531250001,0.11806640625,0.437890625,0.58580078125,0.18720703125,0.28254882812500004,0.482568359375,256.0,11.0,167,0,0,256,0
0.5582519531250001,0.11806640625,0.437890625,0.58580078125,0.18720703125,0.28254882812500004,0.497607421875,256.0,11.0,168,0,0,256,0
0.5582519531250001,0.11806640625,0.437890625,0.58580078125,0.18720703125,0.28254882812500004,0.497607421875,256.0,11.0,169,0,0,256,0
0.5582519531250001,0.45955078125,0.5352343749999999,0.58423828125,0.06826171874999999,0.30374023437500003,0.482568359375,256.0,11.0,170,96,45,0,115
0.603701171875,0.11806640625,0.5352343749999999,0.58423828125,0.06826171874999999,0.30374023437500003,0.482568359375,256.0,11.0,171,0,0,256,0
0.603701171875,0.45955078125,0.437890625,0.58423828125,0.06826171874999999,0.30374023437500003,0.482568359375,256.0,11.0,172,114,47,0,95
0.603701171875,0.45955078125,0.5352343749999999,0.58580078125,0.06826171874999999,0.30374023437500003,0.482568359375,256.0,11.0,173,125,45,0,86
0.603701171875,0.45955078125,0.5352343749999999,0.58423828125,0.18720703125,0.30374023437500003,0.482568359375,256.0,11.0,174,0,0,256,0
0.603701171875,0.45955078125,0.5352343749999999,0.58423828125,0.06826171874999999,0.28254882812500004,0.482568359375,256.0,11.0,175,116,42,0,98
0.603701171875,0.45955078125,0.5352343749999999,0.58423828125,0.06826171874999999,0.30374023437500003,0.497607421875,256.0,11.0,176,111,68,0,77
0.603701171875,0.45955078125,0.5352343749999999,0.58423828125,0.06826171874999999,0.30374023437500003,0.482568359375,256.0,11.0,177,124,55,0,77
0.603701171875,0.45955078125,0.5352343749999999,0.58423828125,0.06826171874999999,0.30374023437500003,0.482568359375,256.0,11.0,178,107,51,0,98
0.603701171875,0.45955078125,0.5352343749999999,0.58423828125,0.06826171874999999,0.30374023437500003,0.482568359375,256.0,11.0,179,120,44,0,92
0.623251953125,0.42806640625,0.717890625,0.6358007812500001,0.03720703125,0.307548828125,0.472607421875,255.0,12.0,180,127,74,0,54
0.668701171875,0.42806640625,0.717890625,0.6358007812500001,0.03720703125,0.307548828125,0.472607421875,255.0,12.0,181,113,84,0,58
0.623251953125,0.14955078125,0.717890625,0.6358007812500001,0.03720703125,0.307548828125,0.472607421875,255.0,12.0,182,0,0,255,0
0.623251953125,0.42806640625,0.815234375,0.6358007812500001,0.03720703125,0.307548828125,0.472607421875,255.0,12.0,183,123,96,0,36
0.623251953125,0.42806640625,0.717890625,0.63423828125,0.03720703125,0.307548828125,0.472607421875,255.0,12.0,184,131,68,0,56
0.623251953125,0.42806640625,0.717890625,0.6358007812500001,0.21826171875,0.307548828125,0.472607421875,255.0,12.0,185,0,0,255,0
0.623251953125,0.42806640625,0.717890625,0.6358007812500001,0.03720703125,0.278740234375,0.472607421875,255.0,12.0,186,134,95,0,26
0.623251953125,0.42806640625,0.717890625,0.6358007812500001,0.03720703125,0.307548828125,0.457568359375,255.0,12.0,187,140,77,0,38
0.623251953125,0.42806640625,0.717890625,0.6358007812500001,0.03720703125,0.307548828125,0.472607421875,255.0,12.0,188,129,92,0,34
0.623251953125,0.42806640625,0.717890625,0.6358007812500001,0.03720703125,0.307548828125,0.472607421875,255.0,12.0,189,124,71,0,60
0.623251953125,0.14955078125,0.815234375,0.63423828125,0.21826171875,0.278740234375,0.457568359375,255.0,12.0,190,0,0,255,0
0.668701171875,0.42806640625,0.815234375,0.63423828125,0.21826171875,0.278740234375,0.457568359375,255.0,12.0,191,0,0,255,0
0.668701171875,0.14955078125,0.717890625,0.63423828125,0.21826171875,0.278740234375,0.457568359375,255.0,12.0,192,0,0,255,0
0.668701171875,0.14955078125,0.815234375,0.6358007812500001,0.21826171875,0.278740234375,0.457568359375,255.0,12.0,193,0,0,255,0
0.668701171875,0.14955078125,0.815234375,0.63423828125,0.03720703125,0.278740234375,0.457568359375,255.0,12.0,194,0,0,255,0
0.668701171875,0.14955078125,0.815234375,0.63423828125,0.21826171875,0.307548828125,0.457568359375,255.0,12.0,195,0,0,255,0
0.668701171875,0.14955078125,0.815234375,0.63423828125,0.21826171875,0.278740234375,0.472607421875,255.0,12.0,196,0,0,255,0
0.668701171875,0.14955078125,0.815234375,0.63423828125,0.21826171875,0.278740234375,0.457568359375,255.0,12.0,197,0,0,255,0
0.668701171875,0.14955078125,0.815234375,0.63423828125,0.21826171875,0.278740234375,0.457568359375,255.0,12.0,198,0,0,255,0
0.668701171875,0.14955078125,0.815234375,0.63423828125,0.21826171875,0.278740234375,0.457568359375,255.0,12.0,199,0,0,255,0
0.655751953125,0.27306640625,0.577890625,0.56080078125,0.11220703124999999,0.295048828125,0.485107421875,255.0,12.0,200,0,0,255,0
0.636201171875,0.27306640625,0.577890625,0.56080078125,0.11220703124999999,0.295048828125,0.485107421875,255.0,12.0,201,0,0,255,0
0.655751953125,0.30455078125,0.577890625,0.56080078125,0.11220703124999999,0.295048828125,0.485107421875,255.0,12.0,202,0,0,255,0
0.655751953125,0.27306640625,0.9552343750000001,0.56080078125,0.11220703124999999,0.295048828125,0.485107421875,255.0,12.0,203,0,0,255,0
0.655751953125,0.27306640625,0.577890625,0.5592382812500001,0.11220703124999999,0.295048828125,0.485107421875,255.0,12.0,204,0,0,255,0
0.655751953125,0.27306640625,0.577890625,0.56080078125,0.14326171875,0.295048828125,0.485107421875,255.0,12.0,205,0,0,255,0
0.655751953125,0.27306640625,0.577890625,0.56080078125,0.11220703124999999,0.291240234375,0.485107421875,255.0,12.0,206,0,0,255,0
0.655751953125,0.27306640625,0.577890625,0.56080078125,0.11220703124999999,0.295048828125,0.495068359375,255.0,12.0,207,0,0,255,0
0.655751953125,0.27306640625,0.577890625,0.56080078125,0.11220703124999999,0.295048828125,0.485107421875,255.0,12.0,208,0,0,255,0
0.655751953125,0.27306640625,0.577890625,0.56080078125,0.11220703124999999,0.295048828125,0.485107421875,255.0,11.0,209,0,0,255,0
0.655751953125,0.30455078125,0.9552343750000001,0.5592382812500001,0.14326171875,0.291240234375,0.495068359375,255.0,11.0,210,0,0,255,0
0.636201171875,0.27306640625,0.9552343750000001,0.5592382812500001,0.14326171875,0.291240234375,0.495068359375,255.0,11.0,211,0,0,255,0
0.636201171875,0.30455078125,0.577890625,0.5592382812500001,0.14326171875,0.291240234375,0.495068359375,255.0,11.0,212,0,0,255,0
0.636201171875,0.30455078125,0.9552343750000001,0.56080078125,0.14326171875,0.291240234375,0.495068359375,255.0,11.0,213,0,0,255,0
0.636201171875,0.30455078125,0.9552343750000001,0.5592382812500001,0.11220703124999999,0.291240234375,0.495068359375,255.0,11.0,214,0,0,255,0
0.636201171875,0.30455078125,0.9552343750000001,0.5592382812500001,0.14326171875,0.295048828125,0.495068359375,255.0,11.0,215,0,0,255,0
0.636201171875,0.30455078125,0.9552343750000001,0.5592382812500001,0.14326171875,0.291240234375,0.485107421875,255.0,11.0,216,0,0,255,0
0.636201171875,0.30455078125,0.9552343750000001,0.5592382812500001,0.14326171875,0.291240234375,0.495068359375,255.0,11.0,217,0,0,255,0
0.636201171875,0.30455078125,0.9552343750000001,0.5592382812500001,0.14326171875,0.291240234375,0.495068359375,255.0,12.0,218,0,0,255,0
0.636201171875,0.30455078125,0.9552343750000001,0.5592382812500001,0.14326171875,0.291240234375,0.495068359375,255.0,11.0,219,0,0,255,0
0.5907519531250001,0.58306640625,0.857890625,0.61080078125,0.26220703125,0.27004882812500003,0.46010742187500003,256.0,11.0,220,0,0,256,0
0.5712011718750001,0.58306640625,0.857890625,0.61080078125,0.26220703125,0.27004882812500003,0.46010742187500003,256.0,11.0,221,0,0,256,0
0.5907519531250001,0.61455078125,0.857890625,0.61080078125,0.26220703125,0.27004882812500003,0.46010742187500003,256.0,11.0,222,0,0,256,0
0.5907519531250001,0.58306640625,0.675234375,0.61080078125,0.26220703125,0.27004882812500003,0.46010742187500003,256.0,11.0,223,0,0,256,0
0.5907519531250001,0.58306640625,0.857890625,0.60923828125,0.26220703125,0.27004882812500003,0.46010742187500003,256.0,11.0,224,0,0,256,0
0.5907519531250001,0.58306640625,0.857890625,0.61080078125,0.29326171875,0.27004882812500003,0.46010742187500003,256.0,11.0,225,0,0,256,0
0.5907519531250001,0.58306640625,0.857890625,0.61080078125,0.26220703125,0.316240234375,0.46010742187500003,256.0,11.0,226,0,0,256,0
0.5907519531250001,0.58306640625,0.857890625,0.61080078125,0.26220703125,0.27004882812500003,0.470068359375,256.0,11.0,227,0,0,256,0
0.5907519531250001,0.58306640625,0.857890625,0.61080078125,0.26220703125,0.27004882812500003,0.46010742187500003,256.0,11.0,228,0,0,256,0
0.5907519531250001,0.58306640625,0.857890625,0.61080078125,0.26220703125,0.27004882812500003,0.46010742187500003,256.0,12.0,229,0,0,256,0
0.5907519531250001,0.61455078125,0.675234375,0.60923828125,0.29326171875,0.316240234375,0.470068359375,256.0,12.0,230,0,0,256,0
0.5712011718750001,0.58306640625,0.675234375,0.60923828125,0.29326171875,0.316240234375,0.470068359375,256.0,12.0,231,0,0,256,0
0.5712011718750001,0.61455078125,0.857890625,0.60923828125,0.29326171875,0.316240234375,0.470068359375,256.0,12.0,232,0,0,256,0
0.5712011718750001,0.61455078125,0.675234375,0.61080078125,0.29326171875,0.316240234375,0.470068359375,256.0,12.0,233,0,0,256,0
0.5712011718750001,0.61455078125,0.675234375,0.60923828125,0.26220703125,0.316240234375,0.470068359375,256.0,12.0,234,0,0,256,0
0.5712011718750001,0.61455078125,0.675234375,0.60923828125,0.29326171875,0.27004882812500003,0.470068359375,256.0,12.0,235,0,0,256,0
0.5712011718750001,0.61455078125,0.675234375,0.60923828125,0.29326171875,0.316240234375,0.46010742187500003,256.0,12.0,236,0,0,256,0
0.5712011718750001,0.61455078125,0.675234375,0.60923828125,0.29326171875,0.316240234375,0.470068359375,256.0,12.0,237,0,0,0,256
0.5712011718750001,0.61455078125,0.675234375,0.60923828125,0.29326171875,0.316240234375,0.470068359375,256.0,11.0,238,0,0,256,0
0.5712011718750001,0.61455078125,0.675234375,0.60923828125,0.29326171875,0.316240234375,0.470068359375,256.0,12.0,239,0,0,256,0
0.607001953125,0.19556640625,0.787890625,0.5983007812500001,0.29970703125,0.288798828125,0.478857421875,255.0,12.0,240,0,0,255,0
0.652451171875,0.19556640625,0.787890625,0.5983007812500001,0.29970703125,0.288798828125,0.478857421875,255.0,12.0,241,0,0,255,0
0.607001953125,0.22705078125,0.787890625,0.5983007812500001,0.29970703125,0.288798828125,0.478857421875,255.0,12.0,242,0,0,255,0
0.607001953125,0.19556640625,0.605234375,0.5983007812500001,0.29970703125,0.288798828125,0.478857421875,255.0,12.0,243,0,0,255,0
0.607001953125,0.19556640625,0.787890625,0.54673828125,0.29970703125,0.288798828125,0.478857421875,255.0,12.0,244,0,0,255,0
0.607001953125,0.19556640625,0.787890625,0.5983007812500001,0.18076171875,0.288798828125,0.478857421875,255.0,12.0,245,0,0,255,0
0.607001953125,0.19556640625,0.787890625,0.5983007812500001,0.29970703125,0.309990234375,0.478857421875,255.0,12.0,246,0,0,255,0
0.607001953125,0.19556640625,0.787890625,0.5983007812500001,0.29970703125,0.288798828125,0.463818359375,255.0,12.0,247,0,0,255,0
0.607001953125,0.19556640625,0.787890625,0.5983007812500001,0.29970703125,0.288798828125,0.478857421875,256.0,12.0,248,0,0,256,0
0.607001953125,0.19556640625,0.787890625,0.5983007812500001,0.29970703125,0.288798828125,0.478857421875,255.0,12.0,249,0,0,255,0
0.607001953125,0.22705078125,0.605234375,0.54673828125,0.18076171875,0.309990234375,0.463818359375,256.0,12.0,250,0,0,256,0
0.652451171875,0.19556640625,0.605234375,0.54673828125,0.18076171875,0.309990234375,0.463818359375,256.0,12.0,251,0,0,256,0
0.652451171875,0.22705078125,0.787890625,0.54673828125,0.18076171875,0.309990234375,0.463818359375,256.0,12.0,252,0,0,256,0
0.652451171875,0.22705078125,0.605234375,0.5983007812500001,0.18076171875,0.309990234375,0.463818359375,256.0,12.0,253,0,0,256,0
0.652451171875,0.22705078125,0.605234375,0.54673828125,0.29970703125,0.309990234375,0.463818359375,256.0,12.0,254,0,0,256,0
0.652451171875,0.22705078125,0.605234375,0.54673828125,0.18076171875,0.288798828125,0.463818359375,256.0,12.0,255,0,0,256,0
0.652451171875,0.22705078125,0.605234375,0.54673828125,0.18076171875,0.309990234375,0.478857421875,256.0,12.0,256,0,0,256,0
0.652451171875,0.22705078125,0.605234375,0.54673828125,0.18076171875,0.309990234375,0.463818359375,255.0,12.0,257,0,0,255,0
0.652451171875,0.22705078125,0.605234375,0.54673828125,0.18076171875,0.309990234375,0.463818359375,256.0,12.0,258,0,0,256,0
0.652451171875,0.22705078125,0.605234375,0.54673828125,0.18076171875,0.309990234375,0.463818359375,256.0,12.0,259,0,0,256,0
0.6720019531250001,0.50556640625,0.5078906249999999,0.54830078125,0.14970703124999998,0.313798828125,0.453857421875,256.0,11.0,260,0,0,0,256
0.5874511718750001,0.50556640625,0.5078906249999999,0.54830078125,0.14970703124999998,0.313798828125,0.453857421875,256.0,11.0,261,0,0,0,256
0.6720019531250001,0.5370507812499999,0.5078906249999999,0.54830078125,0.14970703124999998,0.313798828125,0.453857421875,256.0,11.0,262,0,0,0,256
0.6720019531250001,0.50556640625,0.885234375,0.54830078125,0.14970703124999998,0.313798828125,0.453857421875,256.0,11.0,263,0,0,256,0
0.6720019531250001,0.50556640625,0.5078906249999999,0.5967382812500001,0.14970703124999998,0.313798828125,0.453857421875,256.0,11.0,264,0,0,0,256
0.6720019531250001,0.50556640625,0.5078906249999999,0.54830078125,0.03076171875,0.313798828125,0.453857421875,256.0,11.0,265,133,86,0,37
0.6720019531250001,0.50556640625,0.5078906249999999,0.54830078125,0.14970703124999998,0.28499023437500004,0.453857421875,256.0,11.0,266,0,0,0,256
0.6720019531250001,0.50556640625,0.5078906249999999,0.54830078125,0.14970703124999998,0.313798828125,0.488818359375,256.0,11.0,267,0,0,0,256
0.6720019531250001,0.50556640625,0.5078906249999999,0.54830078125,0.14970703124999998,0.313798828125,0.453857421875,255.0,11.0,268,0,0,0,255
0.6720019531250001,0.50556640625,0.5078906249999999,0.54830078125,0.14970703124999998,0.313798828125,0.453857421875,256.0,11.0,269,0,0,0,256
0.6720019531250001,0.5370507812499999,0.885234375,0.5967382812500001,0.03076171875,0.28499023437500004,0.488818359375,255.0,11.0,270,146,73,0,36
0.5874511718750001,0.50556640625,0.885234375,0.5967382812500001,0.03076171875,0.28499023437500004,0.488818359375,255.0,11.0,271,140,88,0,27
0.5874511718750001,0.5370507812499999,0.5078906249999999,0.5967382812500001,0.03076171875,0.28499023437500004,0.488818359375,255.0,11.0,272,129,95,0,31
0.5874511718750001,0.5370507812499999,0.885234375,0.54830078125,0.03076171875,0.28499023437500004,0.488818359375,255.0,11.0,273,150,63,0,42
0.5874511718750001,0.5370507812499999,0.885234375,0.5967382812500001,0.14970703124999998,0.28499023437500004,0.488818359375,255.0,11.0,274,0,0,255,0
0.5874511718750001,0.5370507812499999,0.885234375,0.5967382812500001,0.03076171875,0.313798828125,0.488818359375,255.0,11.0,275,134,96,0,25
0.5874511718750001,0.5370507812499999,0.885234375,0.5967382812500001,0.03076171875,0.28499023437500004,0.453857421875,255.0,11.0,276,143,80,0,32
0.5874511718750001,0.5370507812499999,0.885234375,0.5967382812500001,0.03076171875,0.28499023437500004,0.488818359375,256.0,11.0,277,131,64,0,61
0.5874511718750001,0.5370507812499999,0.885234375,0.5967382812500001,0.03076171875,0.28499023437500004,0.488818359375,255.0,11.0,278,131,93,0,31
0.5874511718750001,0.5370507812499999,0.885234375,0.5967382812500001,0.03076171875,0.28499023437500004,0.488818359375,255.0,11.0,279,125,88,0,42
0.639501953125,0.04056640625,0.9278906250000001,0.62330078125,0.07470703125,0.30129882812500003,0.491357421875,256.0,11.0,280,0,0,256,0
0.5549511718750001,0.04056640625,0.9278906250000001,0.62330078125,0.07470703125,0.30129882812500003,0.491357421875,256.0,11.0,281,0,0,256,0
0.639501953125,0.38205078124999997,0.9278906250000001,0.62330078125,0.07470703125,0.30129882812500003,0.491357421875,256.0,11.0,282,0,0,256,0
0.639501953125,0.04056640625,0.745234375,0.62330078125,0.07470703125,0.30129882812500003,0.491357421875,256.0,11.0,283,0,0,256,0
0.639501953125,0.04056640625,0.9278906250000001,0.57173828125,0.07470703125,0.30129882812500003,0.491357421875,256.0,11.0,284,0,0,256,0
0.639501953125,0.04056640625,0.9278906250000001,0.62330078125,0.25576171875,0.30129882812500003,0.491357421875,256.0,11.0,285,0,0,256,0
0.639501953125,0.04056640625,0.9278906250000001,0.62330078125,0.07470703125,0.27249023437500003,0.491357421875,256.0,11.0,286,0,0,256,0
0.639501953125,0.04056640625,0.9278906250000001,0.62330078125,0.07470703125,0.30129882812500003,0.45131835937500003,256.0,11.0,287,0,0,256,0
0.639501953125,0.04056640625,0.9278906250000001,0.62330078125,0.07470703125,0.30129882812500003,0.491357421875,255.0,11.0,288,0,0,255,0
0.639501953125,0.04056640625,0.9278906250000001,0.62330078125,0.07470703125,0.30129882812500003,0.491357421875,256.0,12.0,289,0,0,256,0
0.639501953125,0.38205078124999997,0.745234375,0.57173828125,0.25576171875,0.27249023437500003,0.45131835937500003,255.0,12.0,290,0,0,255,0
0.5549511718750001,0.04056640625,0.745234375,0.57173828125,0.25576171875,0.27249023437500003,0.45131835937500003,255.0,12.0,291,0,0,255,0
0.5549511718750001,0.38205078124999997,0.9278906250000001,0.57173828125,0.25576171875,0.27249023437500003,0.45131835937500003,255.0,12.0,292,0,0,255,0
0.5549511718750001,0.38205078124999997,0.745234375,0.62330078125,0.25576171875,0.27249023437500003,0.45131835937500003,255.0,12.0,293,0,0,255,0
0.5549511718750001,0.38205078124999997,0.745234375,0.57173828125,0.07470703125,0.27249023437500003,0.45131835937500003,255.0,12.0,294,0,0,255,0
0.5549511718750001,0.38205078124999997,0.745234375,0.57173828125,0.25576171875,0.30129882812500003,0.45131835937500003,255.0,12.0,295,0,0,255,0
0.5549511718750001,0.38205078124999997,0.745234375,0.57173828125,0.25576171875,0.27249023437500003,0.491357421875,255.0,12.0,296,0,0,255,0
0.5549511718750001,0.38205078124999997,0.745234375,0.57173828125,0.25576171875,0.27249023437500003,0.45131835937500003,256.0,12.0,297,0,0,256,0
0.5549511718750001,0.38205078124999997,0.745234375,0.57173828125,0.25576171875,0.27249023437500003,0.45131835937500003,255.0,11.0,298,0,0,255,0
0.5549511718750001,0.38205078124999997,0.745234375,0.57173828125,0.25576171875,0.27249023437500003,0.45131835937500003,255.0,12.0,299,0,0,255,0
0.5745019531250001,0.35056640625,0.647890625,0.5733007812500001,0.22470703125,0.276298828125,0.466357421875,255.0,12.0,300,0,0,255,0
0.619951171875,0.35056640625,0.647890625,0.5733007812500001,0.22470703125,0.276298828125,0.466357421875,255.0,12.0,301,0,0,255,0
0.5745019531250001,0.07205078125,0.647890625,0.5733007812500001,0.22470703125,0.276298828125,0.466357421875,255.0,12.0,302,0,0,255,0
0.5745019531250001,0.35056640625,0.465234375,0.5733007812500001,0.22470703125,0.276298828125,0.466357421875,255.0,12.0,303,0,0,255,0
0.5745019531250001,0.35056640625,0.647890625,0.62173828125,0.22470703125,0.276298828125,0.466357421875,255.0,12.0,304,0,0,255,0
0.5745019531250001,0.35056640625,0.647890625,0.5733007812500001,0.10576171875,0.276298828125,0.466357421875,255.0,12.0,305,0,0,255,0
0.5745019531250001,0.35056640625,0.647890625,0.5733007812500001,0.22470703125,0.297490234375,0.466357421875,255.0,12.0,306,0,0,255,0
0.5745019531250001,0.35056640625,0.647890625,0.5733007812500001,0.22470703125,0.276298828125,0.476318359375,255.0,12.0,307,0,0,255,0
0.5745019531250001,0.35056640625,0.647890625,0.5733007812500001,0.22470703125,0.276298828125,0.466357421875,256.0,12.0,308,0,0,256,0
0.5745019531250001,0.35056640625,0.647890625,0.5733007812500001,0.22470703125,0.276298828125,0.466357421875,255.0,11.0,309,0,0,255,0
0.5745019531250001,0.07205078125,0.465234375,0.62173828125,0.10576171875,0.297490234375,0.476318359375,256.0,11.0,310,0,0,256,0
0.619951171875,0.35056640625,0.465234375,0.62173828125,0.10576171875,0.297490234375,0.476318359375,256.0,11.0,311,74,27,0,155
0.619951171875,0.07205078125,0.647890625,0.62173828125,0.10576171875,0.297490234375,0.476318359375,256.0,11.0,312,0,0,256,0
0.619951171875,0.07205078125,0.465234375,0.5733007812500001,0.10576171875,0.297490234375,0.476318359375,256.0,11.0,313,0,0,256,0
0.619951171875,0.07205078125,0.465234375,0.62173828125,0.22470703125,0.297490234375,0.476318359375,256.0,11.0,314,0,0,256,0
0.619951171875,0.07205078125,0.465234375,0.62173828125,0.10576171875,0.276298828125,0.476318359375,256.0,11.0,315,0,0,256,0
0.619951171875,0.07205078125,0.465234375,0.62173828125,0.10576171875,0.297490234375,0.466357421875,256.0,11.0,316,0,0,256,0
0.619951171875,0.07205078125,0.465234375,0.62173828125,0.10576171875,0.297490234375,0.476318359375,255.0,11.0,317,0,0,255,0
0.619951171875,0.07205078125,0.465234375,0.62173828125,0.10576171875,0.297490234375,0.476318359375,256.0,12.0,318,0,0,256,0
0.619951171875,0.07205078125,0.465234375,0.62173828125,0.10576171875,0.297490234375,0.476318359375,256.0,11.0,319,0,0,256,0
0.566376953125,0.23431640625,0.962890625,0.5420507812500001,0.01845703125,0.273173828125,0.475732421875,255.0,12.0,320,126,105,0,24
0.579326171875,0.23431640625,0.962890625,0.5420507812500001,0.01845703125,0.273173828125,0.475732421875,255.0,12.0,321,138,107,0,10
0.566376953125,0.03330078125,0.962890625,0.5420507812500001,0.01845703125,0.273173828125,0.475732421875,255.0,12.0,322,0,0,255,0
0.566376953125,0.23431640625,0.500234375,0.5420507812500001,0.01845703125,0.273173828125,0.475732421875,255.0,12.0,323,117,124,0,14
0.566376953125,0.23431640625,0.962890625,0.5904882812500001,0.01845703125,0.273173828125,0.475732421875,255.0,12.0,324,145,90,0,20
0.566376953125,0.23431640625,0.962890625,0.5420507812500001,0.23701171875,0.273173828125,0.475732421875,255.0,12.0,325,0,0,255,0
0.566376953125,0.23431640625,0.962890625,0.5420507812500001,0.01845703125,0.294365234375,0.475732421875,255.0,12.0,326,137,102,0,16
0.566376953125,0.23431640625,0.962890625,0.5420507812500001,0.01845703125,0.273173828125,0.46694335937500003,255.0,12.0,327,136,96,0,23
0.566376953125,0.23431640625,0.962890625,0.5420507812500001,0.01845703125,0.273173828125,0.475732421875,255.0,12.0,328,121,115,0,19
0.566376953125,0.23431640625,0.962890625,0.5420507812500001,0.01845703125,0.273173828125,0.475732421875,255.0,12.0,329,141,72,0,42
0.566376953125,0.03330078125,0.500234375,0.5904882812500001,0.23701171875,0.294365234375,0.46694335937500003,255.0,12.0,330,0,0,255,0
0.579326171875,0.23431640625,0.500234375,0.5904882812500001,0.23701171875,0.294365234375,0.46694335937500003,255.0,12.0,331,0,0,255,0
0.579326171875,0.03330078125,0.962890625,0.5904882812500001,0.23701171875,0.294365234375,0.46694335937500003,255.0,12.0,332,0,0,255,0
0.579326171875,0.03330078125,0.500234375,0.5420507812500001,0.23701171875,0.294365234375,0.46694335937500003,255.0,12.0,333,0,0,255,0
0.579326171875,0.03330078125,0.500234375,0.5904882812500001,0.01845703125,0.294365234375,0.46694335937500003,255.0,12.0,334,0,0,255,0
0.579326171875,0.03330078125,0.500234375,0.5904882812500001,0.23701171875,0.273173828125,0.46694335937500003,255.0,12.0,335,0,0,255,0
0.579326171875,0.03330078125,0.500234375,0.5904882812500001,0.23701171875,0.294365234375,0.475732421875,255.0,12.0,336,0,0,255,0
0.579326171875,0.03330078125,0.500234375,0.5904882812500001,0.23701171875,0.294365234375,0.46694335937500003,255.0,12.0,337,0,0,255,0
0.579326171875,0.03330078125,0.500234375,0.5904882812500001,0.23701171875,0.294365234375,0.46694335937500003,255.0,12.0,338,0,0,255,0
0.579326171875,0.03330078125,0.500234375,0.5904882812500001,0.23701171875,0.294365234375,0.46694335937500003,255.0,12.0,339,0,0,255,0
0.6313769531250001,0.54431640625,0.682890625,0.59205078125,0.16845703125,0.29817382812500004,0.450732421875,256.0,11.0,340,0,0,256,0
0.6443261718750001,0.54431640625,0.682890625,0.59205078125,0.16845703125,0.29817382812500004,0.450732421875,256.0,11.0,341,0,0,256,0
0.6313769531250001,0.34330078125,0.682890625,0.59205078125,0.16845703125,0.29817382812500004,0.450732421875,256.0,11.0,342,0,0,256,0
0.6313769531250001,0.54431640625,0.780234375,0.59205078125,0.16845703125,0.29817382812500004,0.450732421875,256.0,11.0,343,0,0,256,0
0.6313769531250001,0.54431640625,0.682890625,0.54048828125,0.16845703125,0.29817382812500004,0.450732421875,256.0,11.0,344,0,0,256,0
0.6313769531250001,0.54431640625,0.682890625,0.59205078125,0.08701171875,0.29817382812500004,0.450732421875,256.0,11.0,345,87,48,0,121
0.6313769531250001,0.54431640625,0.682890625,0.59205078125,0.16845703125,0.31936523437500003,0.450732421875,256.0,11.0,346,0,0,256,0
0.6313769531250001,0.54431640625,0.682890625,0.59205078125,0.16845703125,0.29817382812500004,0.491943359375,256.0,11.0,347,0,0,256,0
0.6313769531250001,0.54431640625,0.682890625,0.59205078125,0.16845703125,0.29817382812500004,0.450732421875,256.0,11.0,348,0,0,256,0
0.6313769531250001,0.54431640625,0.682890625,0.59205078125,0.16845703125,0.29817382812500004,0.450732421875,256.0,11.0,349,0,0,256,0
0.6313769531250001,0.34330078125,0.780234375,0.54048828125,0.08701171875,0.31936523437500003,0.491943359375,256.0,11.0,350,0,0,256,0
0.6443261718750001,0.54431640625,0.780234375,0.54048828125,0.08701171875,0.31936523437500003,0.491943359375,256.0,11.0,351,82,27,0,147
0.6443261718750001,0.34330078125,0.682890625,0.54048828125,0.08701171875,0.31936523437500003,0.491943359375,256.0,11.0,352,88,41,0,127
0.6443261718750001,0.34330078125,0.780234375,0.59205078125,0.08701171875,0.31936523437500003,0.491943359375,256.0,11.0,353,0,0,256,0
0.6443261718750001,0.34330078125,0.780234375,0.54048828125,0.16845703125,0.31936523437500003,0.491943359375,256.0,11.0,354,0,0,256,0
0.6443261718750001,0.34330078125,0.780234375,0.54048828125,0.08701171875,0.29817382812500004,0.491943359375,256.0,11.0,355,0,0,256,0
0.6443261718750001,0.34330078125,0.780234375,0.54048828125,0.08701171875,0.31936523437500003,0.450732421875,256.0,11.0,356,0,0,256,0
0.6443261718750001,0.34330078125,0.780234375,0.54048828125,0.08701171875,0.31936523437500003,0.491943359375,256.0,11.0,357,0,0,256,0
0.6443261718750001,0.34330078125,0.780234375,0.54048828125,0.08701171875,0.31936523437500003,0.491943359375,256.0,11.0,358,0,0,256,0
0.6443261718750001,0.34330078125,0.780234375,0.54048828125,0.08701171875,0.31936523437500003,0.491943359375,256.0,11.0,359,0,0,256,0
0.6638769531250001,0.07931640625,0.8228906250000001,0.5670507812500001,0.24345703124999998,0.310673828125,0.488232421875,256.0,11.0,360,0,0,256,0
0.676826171875,0.07931640625,0.8228906250000001,0.5670507812500001,0.24345703124999998,0.310673828125,0.488232421875,256.0,11.0,361,0,0,256,0
0.6638769531250001,0.49830078125,0.8228906250000001,0.5670507812500001,0.24345703124999998,0.310673828125,0.488232421875,256.0,11.0,362,0,0,256,0
0.6638769531250001,0.07931640625,0.9202343749999999,0.5670507812500001,0.24345703124999998,0.310673828125,0.488232421875,256.0,11.0,363,0,0,256,0
0.6638769531250001,0.07931640625,0.8228906250000001,0.61548828125,0.24345703124999998,0.310673828125,0.488232421875,256.0,11.0,364,0,0,256,0
0.6638769531250001,0.07931640625,0.8228906250000001,0.5670507812500001,0.16201171875,0.310673828125,0.488232421875,256.0,11.0,365,0,0,256,0
0.6638769531250001,0.07931640625,0.8228906250000001,0.5670507812500001,0.24345703124999998,0.306865234375,0.488232421875,256.0,11.0,366,0,0,256,0
0.6638769531250001,0.07931640625,0.8228906250000001,0.5670507812500001,0.24345703124999998,0.310673828125,0.454443359375,256.0,11.0,367,0,0,256,0
0.6638769531250001,0.07931640625,0.8228906250000001,0.5670507812500001,0.24345703124999998,0.310673828125,0.488232421875,256.0,11.0,368,0,0,256,0
0.6638769531250001,0.07931640625,0.8228906250000001,0.5670507812500001,0.24345703124999998,0.310673828125,0.488232421875,256.0,12.0,369,0,0,256,0
0.6638769531250001,0.49830078125,0.9202343749999999,0.61548828125,0.16201171875,0.306865234375,0.454443359375,256.0,12.0,370,0,0,256,0
0.676826171875,0.07931640625,0.9202343749999999,0.61548828125,0.16201171875,0.306865234375,0.454443359375,256.0,12.0,371,0,0,256,0
0.676826171875,0.49830078125,0.8228906250000001,0.61548828125,0.16201171875,0.306865234375,0.454443359375,256.0,12.0,372,0,0,256,0
0.676826171875,0.49830078125,0.9202343749999999,0.5670507812500001,0.16201171875,0.306865234375,0.454443359375,256.0,12.0,373,0,0,256,0
0.676826171875,0.49830078125,0.9202343749999999,0.61548828125,0.24345703124999998,0.306865234375,0.454443359375,256.0,12.0,374,0,0,256,0
0.676826171875,0.49830078125,0.9202343749999999,0.61548828125,0.16201171875,0.310673828125,0.454443359375,256.0,12.0,375,0,0,256,0
0.676826171875,0.49830078125,0.9202343749999999,0.61548828125,0.16201171875,0.306865234375,0.488232421875,256.0,12.0,376,0,0,256,0
0.676826171875,0.49830078125,0.9202343749999999,0.61548828125,0.16201171875,0.306865234375,0.454443359375,256.0,12.0,377,0,0,256,0
0.676826171875,0.49830078125,0.9202343749999999,0.61548828125,0.16201171875,0.306865234375,0.454443359375,256.0,11.0,378,0,0,256,0
0.676826171875,0.49830078125,0.9202343749999999,0.61548828125,0.16201171875,0.306865234375,0.454443359375,256.0,12.0,379,0,0,256,0
0.598876953125,0.38931640625,0.542890625,0.61705078125,0.09345703125,0.28567382812500003,0.463232421875,255.0,12.0,380,57,15,0,183
0.611826171875,0.38931640625,0.542890625,0.61705078125,0.09345703125,0.28567382812500003,0.463232421875,255.0,12.0,381,101,53,0,101
0.598876953125,0.18830078125,0.542890625,0.61705078125,0.09345703125,0.28567382812500003,0.463232421875,255.0,12.0,382,0,0,255,0
0.598876953125,0.38931640625,0.640234375,0.61705078125,0.09345703125,0.28567382812500003,0.463232421875,255.0,12.0,383,90,29,0,136
0.598876953125,0.38931640625,0.542890625,0.5654882812500001,0.09345703125,0.28567382812500003,0.463232421875,255.0,12.0,384,31,22,0,202
0.598876953125,0.38931640625,0.542890625,0.61705078125,0.012011718749999999,0.28567382812500003,0.463232421875,255.0,12.0,385,118,132,0,5
0.598876953125,0.38931640625,0.542890625,0.61705078125,0.09345703125,0.281865234375,0.463232421875,255.0,12.0,386,26,11,0,218
0.598876953125,0.38931640625,0.542890625,0.61705078125,0.09345703125,0.28567382812500003,0.479443359375,255.0,12.0,387,89,56,0,110
0.598876953125,0.38931640625,0.542890625,0.61705078125,0.09345703125,0.28567382812500003,0.463232421875,255.0,12.0,388,92,25,0,138
0.598876953125,0.38931640625,0.542890625,0.61705078125,0.09345703125,0.28567382812500003,0.463232421875,255.0,11.0,389,83,51,0,121
0.598876953125,0.18830078125,0.640234375,0.5654882812500001,0.012011718749999999,0.281865234375,0.479443359375,255.0,11.0,390,138,109,0,8
0.611826171875,0.38931640625,0.640234375,0.5654882812500001,0.012011718749999999,0.281865234375,0.479443359375,255.0,11.0,391,146,96,0,13
0.611826171875,0.18830078125,0.542890625,0.5654882812500001,0.012011718749999999,0.281865234375,0.479443359375,255.0,11.0,392,136,108,0,11
0.611826171875,0.18830078125,0.640234375,0.61705078125,0.012011718749999999,0.281865234375,0.479443359375,255.0,11.0,393,135,97,0,23
0.611826171875,0.18830078125,0.640234375,0.5654882812500001,0.09345703125,0.281865234375,0.479443359375,255.0,11.0,394,0,0,255,0
0.611826171875,0.18830078125,0.640234375,0.5654882812500001,0.012011718749999999,0.28567382812500003,0.479443359375,255.0,11.0,395,128,117,0,10
0.611826171875,0.18830078125,0.640234375,0.5654882812500001,0.012011718749999999,0.281865234375,0.463232421875,255.0,11.0,396,120,117,0,18
0.611826171875,0.18830078125,0.640234375,0.5654882812500001,0.012011718749999999,0.281865234375,0.479443359375,255.0,11.0,397,122,117,0,16
0.611826171875,0.18830078125,0.640234375,0.5654882812500001,0.012011718749999999,0.281865234375,0.479443359375,255.0,12.0,398,141,103,0,11
0.611826171875,0.18830078125,0.640234375,0.5654882812500001,0.012011718749999999,0.281865234375,0.479443359375,255.0,11.0,399,130,107,0,18
0.582626953125,0.0018164062499999999,0.612890625,0.62955078125,0.13095703125,0.279423828125,0.494482421875,256.0,11.0,400,0,0,256,0
0.6280761718750001,0.0018164062499999999,0.612890625,0.62955078125,0.13095703125,0.279423828125,0.494482421875,256.0,11.0,401,0,0,256,0
0.582626953125,0.57580078125,0.612890625,0.62955078125,0.13095703125,0.279423828125,0.494482421875,256.0,11.0,402,0,0,0,256
0.582626953125,0.0018164062499999999,0.570234375,0.62955078125,0.13095703125,0.279423828125,0.494482421875,256.0,11.0,403,0,0,256,0
0.582626953125,0.0018164062499999999,0.612890625,0.6279882812500001,0.13095703125,0.279423828125,0.494482421875,256.0,11.0,404,0,0,256,0
0.582626953125,0.0018164062499999999,0.612890625,0.62955078125,0.12451171875,0.279423828125,0.494482421875,256.0,11.0,405,0,0,256,0
0.582626953125,0.0018164062499999999,0.612890625,0.62955078125,0.13095703125,0.275615234375,0.494482421875,256.0,11.0,406,0,0,256,0
0.582626953125,0.0018164062499999999,0.612890625,0.62955078125,0.13095703125,0.279423828125,0.485693359375,256.0,11.0,407,0,0,256,0
0.582626953125,0.0018164062499999999,0.612890625,0.62955078125,0.13095703125,0.279423828125,0.494482421875,255.0,11.0,408,0,0,255,0
0.582626953125,0.0018164062499999999,0.612890625,0.62955078125,0.13095703125,0.279423828125,0.494482421875,256.0,11.0,409,0,0,256,0
0.582626953125,0.57580078125,0.570234375,0.6279882812500001,0.12451171875,0.275615234375,0.485693359375,255.0,11.0,410,33,9,0,213
0.6280761718750001,0.0018164062499999999,0.570234375,0.6279882812500001,0.12451171875,0.275615234375,0.485693359375,255.0,11.0,411,0,0,255,0
0.6280761718750001,0.57580078125,0.612890625,0.6279882812500001,0.12451171875,0.275615234375,0.485693359375,255.0,11.0,412,35,7,0,213
0.6280761718750001,0.57580078125,0.570234375,0.62955078125,0.12451171875,0.275615234375,0.485693359375,255.0,11.0,413,0,0,0,255
0.6280761718750001,0.57580078125,0.570234375,0.6279882812500001,0.13095703125,0.275615234375,0.485693359375,255.0,11.0,414,0,0,0,255
0.6280761718750001,0.57580078125,0.570234375,0.6279882812500001,0.12451171875,0.279423828125,0.485693359375,255.0,11.0,415,0,0,0,255
0.6280761718750001,0.57580078125,0.570234375,0.6279882812500001,0.12451171875,0.275615234375,0.494482421875,255.0,11.0,416,25,11,0,219
0.6280761718750001,0.57580078125,0.570234375,0.6279882812500001,0.12451171875,0.275615234375,0.485693359375,256.0,11.0,417,38,14,0,204
0.6280761718750001,0.57580078125,0.570234375,0.6279882812500001,0.12451171875,0.275615234375,0.485693359375,255.0,11.0,418,0,0,0,255
0.6280761718750001,0.57580078125,0.570234375,0.6279882812500001,0.12451171875,0.275615234375,0.485693359375,255.0,11.0,419,0,0,0,255
0.6476269531250001,0.31181640625,0.892890625,0.57955078125,0.28095703125,0.304423828125,0.469482421875,255.0,12.0,420,0,0,255,0
0.563076171875,0.31181640625,0.892890625,0.57955078125,0.28095703125,0.304423828125,0.469482421875,255.0,12.0,421,0,0,255,0
0.6476269531250001,0.26580078125,0.892890625,0.57955078125,0.28095703125,0.304423828125,0.469482421875,255.0,12.0,422,0,0,255,0
0.6476269531250001,0.31181640625,0.8502343750000001,0.57955078125,0.28095703125,0.304423828125,0.469482421875,255.0,12.0,423,0,0,255,0
0.6476269531250001,0.31181640625,0.892890625,0.57798828125,0.28095703125,0.304423828125,0.469482421875,255.0,12.0,424,0,0,255,0
0.6476269531250001,0.31181640625,0.892890625,0.57955078125,0.27451171874999997,0.304423828125,0.469482421875,255.0,12.0,425,0,0,255,0
0.6476269531250001,0.31181640625,0.892890625,0.57955078125,0.28095703125,0.30061523437500004,0.469482421875,255.0,12.0,426,0,0,255,0
0.6476269531250001,0.31181640625,0.892890625,0.57955078125,0.28095703125,0.304423828125,0.460693359375,255.0,12.0,427,0,0,255,0
0.6476269531250001,0.31181640625,0.892890625,0.57955078125,0.28095703125,0.304423828125,0.469482421875,256.0,12.0,428,0,0,256,0
0.6476269531250001,0.31181640625,0.892890625,0.57955078125,0.28095703125,0.304423828125,0.469482421875,255.0,12.0,429,0,0,255,0
0.6476269531250001,0.26580078125,0.8502343750000001,0.57798828125,0.27451171874999997,0.30061523437500004,0.460693359375,256.0,12.0,430,0,0,256,0
0.563076171875,0.31181640625,0.8502343750000001,0.57798828125,0.27451171874999997,0.30061523437500004,0.460693359375,256.0,12.0,431,0,0,256,0
0.563076171875,0.26580078125,0.892890625,0.57798828125,0.27451171874999997,0.30061523437500004,0.460693359375,256.0,12.0,432,0,0,256,0
0.563076171875,0.26580078125,0.8502343750000001,0.57955078125,0.27451171874999997,0.30061523437500004,0.460693359375,256.0,12.0,433,0,0,256,0
0.563076171875,0.26580078125,0.8502343750000001,0.57798828125,0.28095703125,0.30061523437500004,0.460693359375,256.0,12.0,434,0,0,256,0
0.563076171875,0.26580078125,0.8502343750000001,0.57798828125,0.27451171874999997,0.304423828125,0.460693359375,256.0,12.0,435,0,0,256,0
0.563076171875,0.26580078125,0.8502343750000001,0.57798828125,0.27451171874999997,0.30061523437500004,0.469482421875,256.0,12.0,436,0,0,256,0
0.563076171875,0.26580078125,0.8502343750000001,0.57798828125,0.27451171874999997,0.30061523437500004,0.460693359375,255.0,12.0,437,0,0,255,0
0.563076171875,0.26580078125,0.8502343750000001,0.57798828125,0.27451171874999997,0.30061523437500004,0.460693359375,256.0,12.0,438,0,0,256,0
0.563076171875,0.26580078125,0.8502343750000001,0.57798828125,0.27451171874999997,0.30061523437500004,0.460693359375,256.0,12.0,439,0,0,256,0
0.6151269531250001,0.15681640625,0.472890625,0.6045507812500001,0.20595703125,0.31692382812500003,0.481982421875,255.0,12.0,440,0,0,255,0
0.595576171875,0.15681640625,0.472890625,0.6045507812500001,0.20595703125,0.31692382812500003,0.481982421875,255.0,12.0,441,0,0,255,0
0.6151269531250001,0.11080078125,0.472890625,0.6045507812500001,0.20595703125,0.31692382812500003,0.481982421875,255.0,12.0,442,0,0,255,0
0.6151269531250001,0.15681640625,0.710234375,0.6045507812500001,0.20595703125,0.31692382812500003,0.481982421875,255.0,12.0,443,0,0,255,0
0.6151269531250001,0.15681640625,0.472890625,0.60298828125,0.20595703125,0.31692382812500003,0.481982421875,255.0,12.0,444,0,0,255,0
0.6151269531250001,0.15681640625,0.472890625,0.6045507812500001,0.049511718749999996,0.31692382812500003,0.481982421875,255.0,12.0,445,0,0,255,0
0.6151269531250001,0.15681640625,0.472890625,0.6045507812500001,0.20595703125,0.313115234375,0.481982421875,255.0,12.0,446,0,0,255,0
0.6151269531250001,0.15681640625,0.472890625,0.6045507812500001,0.20595703125,0.31692382812500003,0.498193359375,255.0,12.0,447,0,0,255,0
0.6151269531250001,0.15681640625,0.472890625,0.6045507812500001,0.20595703125,0.31692382812500003,0.481982421875,256.0,12.0,448,0,0,256,0
0.6151269531250001,0.15681640625,0.472890625,0.6045507812500001,0.20595703125,0.31692382812500003,0.481982421875,255.0,11.0,449,0,0,255,0
0.6151269531250001,0.11080078125,0.710234375,0.60298828125,0.049511718749999996,0.313115234375,0.498193359375,256.0,11.0,450,0,0,256,0
0.595576171875,0.15681640625,0.710234375,0.60298828125,0.049511718749999996,0.313115234375,0.498193359375,256.0,11.0,451,0,0,256,0
0.595576171875,0.11080078125,0.472890625,0.60298828125,0.049511718749999996,0.313115234375,0.498193359375,256.0,11.0,452,0,0,256,0
0.595576171875,0.11080078125,0.710234375,0.6045507812500001,0.049511718749999996,0.313115234375,0.498193359375,256.0,11.0,453,0,0,256,0
0.595576171875,0.11080078125,0.710234375,0.60298828125,0.20595703125,0.313115234375,0.498193359375,256.0,11.0,454,0,0,256,0
0.595576171875,0.11080078125,0.710234375,0.60298828125,0.049511718749999996,0.31692382812500003,0.498193359375,256.0,11.0,455,0,0,256,0
0.595576171875,0.11080078125,0.710234375,0.60298828125,0.049511718749999996,0.313115234375,0.481982421875,256.0,11.0,456,0,0,256,0
0.595576171875,0.11080078125,0.710234375,0.60298828125,0.049511718749999996,0.313115234375,0.498193359375,255.0,11.0,457,0,0,255,0
0.595576171875,0.11080078125,0.710234375,0.60298828125,0.049511718749999996,0.313115234375,0.498193359375,256.0,12.0,458,0,0,256,0
0.595576171875,0.11080078125,0.710234375,0.60298828125,0.049511718749999996,0.313115234375,0.498193359375,256.0,11.0,459,0,0,256,0
0.550126953125,0.46681640625,0.752890625,0.55455078125,0.05595703125,0.291923828125,0.456982421875,256.0,11.0,460,119,45,0,92
0.6605761718750001,0.46681640625,0.752890625,0.55455078125,0.05595703125,0.291923828125,0.456982421875,256.0,11.0,461,133,45,0,78
0.550126953125,0.42080078125,0.752890625,0.55455078125,0.05595703125,0.291923828125,0.456982421875,256.0,11.0,462,137,66,0,53
0.550126953125,0.46681640625,0.430234375,0.55455078125,0.05595703125,0.291923828125,0.456982421875,256.0,11.0,463,128,69,0,59
0.550126953125,0.46681640625,0.752890625,0.55298828125,0.05595703125,0.291923828125,0.456982421875,256.0,11.0,464,86,50,0,120
0.550126953125,0.46681640625,0.752890625,0.55455078125,0.19951171874999998,0.291923828125,0.456982421875,256.0,11.0,465,0,0,256,0
0.550126953125,0.46681640625,0.752890625,0.55455078125,0.05595703125,0.28811523437500003,0.456982421875,256.0,11.0,466,118,59,0,79
0.550126953125,0.46681640625,0.752890625,0.55455078125,0.05595703125,0.291923828125,0.473193359375,256.0,11.0,467,129,47,0,80
0.550126953125,0.46681640625,0.752890625,0.55455078125,0.05595703125,0.291923828125,0.456982421875,255.0,11.0,468,115,68,0,72
0.550126953125,0.46681640625,0.752890625,0.55455078125,0.05595703125,0.291923828125,0.456982421875,256.0,12.0,469,104,57,0,95
0.550126953125,0.42080078125,0.430234375,0.55298828125,0.19951171874999998,0.28811523437500003,0.473193359375,255.0,12.0,470,0,0,177,78
0.6605761718750001,0.46681640625,0.430234375,0.55298828125,0.19951171874999998,0.28811523437500003,0.473193359375,255.0,12.0,471,0,0,0,255
0.6605761718750001,0.42080078125,0.752890625,0.55298828125,0.19951171874999998,0.28811523437500003,0.473193359375,255.0,12.0,472,0,0,255,0
0.6605761718750001,0.42080078125,0.430234375,0.55455078125,0.19951171874999998,0.28811523437500003,0.473193359375,255.0,12.0,473,0,0,0,255
0.6605761718750001,0.42080078125,0.430234375,0.55298828125,0.05595703125,0.28811523437500003,0.473193359375,255.0,12.0,474,134,82,0,39
0.6605761718750001,0.42080078125,0.430234375,0.55298828125,0.19951171874999998,0.291923828125,0.473193359375,255.0,12.0,475,0,0,0,255
0.6605761718750001,0.42080078125,0.430234375,0.55298828125,0.19951171874999998,0.28811523437500003,0.456982421875,255.0,12.0,476,0,0,0,255
0.6605761718750001,0.42080078125,0.430234375,0.55298828125,0.19951171874999998,0.28811523437500003,0.473193359375,256.0,12.0,477,0,0,0,256
0.6605761718750001,0.42080078125,0.430234375,0.55298828125,0.19951171874999998,0.28811523437500003,0.473193359375,255.0,11.0,478,0,0,0,255
0.6605761718750001,0.42080078125,0.430234375,0.55298828125,0.19951171874999998,0.28811523437500003,0.473193359375,255.0,12.0,479,0,0,20,235
0.5501904296875001,0.233408203125,0.6607421875,0.5886816406250001,0.167138671875,0.3122119140625,0.4620849609375,256.0,12.0,480,0,0,256,0
0.6372802734375,0.233408203125,0.6607421875,0.5886816406250001,0.167138671875,0.3122119140625,0.4620849609375,256.0,12.0,481,0,0,256,0
0.5501904296875001,0.509501953125,0.6607421875,0.5886816406250001,0.167138671875,0.3122119140625,0.4620849609375,256.0,12.0,482,0,0,256,0
0.5501904296875001,0.233408203125,0.9259765625,0.5886816406250001,0.167138671875,0.3122119140625,0.4620849609375,256.0,12.0,483,0,0,256,0
0.5501904296875001,0.233408203125,0.6607421875,0.6106542968750001,0.167138671875,0.3122119140625,0.4620849609375,256.0,12.0,484,0,0,256,0
0.5501904296875001,0.233408203125,0.6607421875,0.5886816406250001,0.101513671875,0.3122119140625,0.4620849609375,256.0,12.0,485,0,0,256,0
0.5501904296875001,0.233408203125,0.6607421875,0.5886816406250001,0.167138671875,0.2766162109375,0.4620849609375,256.0,12.0,486,0,0,256,0
0.5501904296875001,0.233408203125,0.6607421875,0.5886816406250001,0.167138671875,0.3122119140625,0.4928466796875,256.0,12.0,487,0,0,256,0
0.5501904296875001,0.233408203125,0.6607421875,0.5886816406250001,0.167138671875,0.3122119140625,0.4620849609375,256.0,12.0,488,0,0,256,0
0.5501904296875001,0.233408203125,0.6607421875,0.5886816406250001,0.167138671875,0.3122119140625,0.4620849609375,256.0,11.0,489,0,0,256,0
0.5501904296875001,0.509501953125,0.9259765625,0.6106542968750001,0.101513671875,0.2766162109375,0.4928466796875,256.0,11.0,490,0,0,256,0
0.6372802734375,0.233408203125,0.9259765625,0.6106542968750001,0.101513671875,0.2766162109375,0.4928466796875,256.0,11.0,491,0,0,256,0
0.6372802734375,0.509501953125,0.6607421875,0.6106542968750001,0.101513671875,0.2766162109375,0.4928466796875,256.0,11.0,492,99,64,0,93
0.6372802734375,0.509501953125,0.9259765625,0.5886816406250001,0.101513671875,0.2766162109375,0.4928466796875,256.0,11.0,493,0,0,256,0
0.6372802734375,0.509501953125,0.9259765625,0.6106542968750001,0.167138671875,0.2766162109375,0.4928466796875,256.0,11.0,494,0,0,256,0
0.6372802734375,0.509501953125,0.9259765625,0.6106542968750001,0.101513671875,0.3122119140625,0.4928466796875,256.0,11.0,495,0,0,256,0
0.6372802734375,0.509501953125,0.9259765625,0.6106542968750001,0.101513671875,0.2766162109375,0.4620849609375,256.0,11.0,496,0,0,256,0
0.6372802734375,0.509501953125,0.9259765625,0.6106542968750001,0.101513671875,0.2766162109375,0.4928466796875,256.0,11.0,497,0,0,256,0
0.6372802734375,0.509501953125,0.9259765625,0.6106542968750001,0.101513671875,0.2766162109375,0.4928466796875,256.0,12.0,498,0,0,256,0
0.6372802734375,0.509501953125,0.9259765625,0.6106542968750001,0.101513671875,0.2766162109375,0.4928466796875,256.0,11.0,499,0,0,256,0
